orderID,orderDate,orderTime,channel,status,paymentMethod,quantity,unitPrice,discountPct,orderTotal,deliveryDate,rating,customerFirstName,customerLastName,customerEmail,customerCity,customerBirthDate,customerSignupDate,customerAnniversary,customerMoneySpent,employeeFirstName,employeeLastName,employeePosition,employeeBranch,productName,productCategory,productBrand,productPrice,productCost
1545,2024-12-12,13:55:54,in_store,completed,cash,1,1250.00,10,1125.00,,5,Aram,Vardanyan,aram.vardanyan@gmail.com,Yerevan,1997-12-09,2020-07-08,2024-01-30,13544.72,Vahe,Sahakyan,Store Manager,Yerevan Center,ThinkPad X1 Carbon,Laptops,Lenovo,1250.00,980.00
1071,2024-02-28,18:05:49,online,completed,card,3,89.99,0,269.97,2024-03-01,4,Anna,Sargsyan,anna.sargsyan@gmail.com,Yerevan,1991-04-12,2021-04-24,2022-06-01,5988.47,,,,,MX Keys,Keyboards,Logitech,89.99,55.00
1104,2024-03-21,11:39:35,in_store,completed,cash,3,14.99,0,44.97,,,Meline,Poghosyan,meline.poghosyan@outlook.com,Yerevan,1992-05-05,2019-02-08,,1145.20,Marine,Avagyan,Senior Sales,Gyumri,M185,Accessories,Logitech,14.99,7.00
1488,2024-11-16,12:06:08,online,completed,card,1,1100.00,15,935.00,2024-11-18,,Lilit,Hovhannisyan,lilit.hovhannisyan@mail.ru,Abovyan,1990-06-14,2023-02-11,2019-05-05,8978.29,,,,,MacBook Air 13,Laptops,Apple,1100.00,900.00
1565,2024-12-19,18:32:40,in_store,completed,card,1,1250.00,0,1250.00,,,Armen,Gevorgyan,armen.gevorgyan@gmail.com,Gyumri,1985-12-01,2020-05-13,2015-09-09,9172.79,Ani,Harutyunyan,Sales Associate,Yerevan Center,ThinkPad X1 Carbon,Laptops,Lenovo,1250.00,980.00
1275,2024-07-22,20:41:10,online,completed,card,1,299.00,0,299.00,2024-07-29,4,Sona,Karapetyan,sona.karapetyan@gmail.com,Yerevan,1986-05-25,2021-06-26,2021-04-17,5530.54,,,,,WH-1000XM5,Audio,Sony,299.00,220.00
1464,2024-11-09,11:40:08,online,completed,card,1,12.90,10,11.61,2024-11-15,,Tigran,Grigoryan,tigran.grigoryan@gmail.com,Gyumri,1983-07-30,2020-12-25,2020-11-05,5291.36,,,,,HDMI 2.1 Cable 2m,Cables,Generic,12.90,4.00
1474,2024-11-13,17:50:13,in_store,completed,transfer,2,25.50,0,51.00,,5,Lilit,Hovhannisyan,lilit.hovhannisyan@mail.ru,Abovyan,1990-06-14,2023-02-11,2019-05-05,8978.29,Gor,Mkrtchyan,Senior Sales,Yerevan Center,Laptop Sleeve 14,Accessories,Generic,25.50,10.00
1317,2024-08-16,11:01:47,in_store,completed,transfer,1,129.00,0,129.00,,5,Davit,Petrosyan,davit.petrosyan@mail.ru,Gyumri,1988-11-23,2020-11-27,2021-09-14,8230.04,Gor,Mkrtchyan,Senior Sales,Yerevan Center,Flip 6,Audio,JBL,129.00,85.00
1557,2024-12-17,11:22:50,in_store,completed,cash,1,1250.00,0,1250.00,,4,Narek,Manukyan,narek.manukyan@outlook.com,Gyumri,1992-09-03,2022-08-04,2022-02-28,6146.85,Nare,Ghazaryan,Sales Associate,Yerevan Mall,ThinkPad X1 Carbon,Laptops,Lenovo,1250.00,980.00
1030,2024-01-24,16:08:47,in_store,completed,card,3,59.00,0,177.00,,3,Nane,Galstyan,nane.galstyan@gmail.com,Yerevan,1998-11-11,2022-04-27,,2997.50,Marine,Avagyan,Senior Sales,Gyumri,C920,Webcams,Logitech,59.00,38.00
1161,2024-05-02,13:37:22,in_store,completed,card,1,39.99,10,35.99,,5,Vahan,Torosyan,vahan.torosyan@yahoo.com,Yerevan,1989-08-08,2023-11-03,2018-10-10,8575.72,Ani,Harutyunyan,Sales Associate,Yerevan Center,K380,Keyboards,Logitech,39.99,22.00
1004,2024-01-04,18:51:41,in_store,completed,card,1,59.00,0,59.00,,4,Lilit,Hovhannisyan,lilit.hovhannisyan@mail.ru,Abovyan,1990-06-14,2023-02-11,2019-05-05,8978.29,Nare,Ghazaryan,Sales Associate,Yerevan Mall,C920,Webcams,Logitech,59.00,38.00
1210,2024-05-29,10:19:41,in_store,completed,cash,2,480.00,0,960.00,,,Narek,Manukyan,narek.manukyan@outlook.com,Gyumri,1992-09-03,2022-08-04,2022-02-28,6146.85,Gor,Mkrtchyan,Senior Sales,Yerevan Center,Galaxy Tab S9,Tablets,Samsung,480.00,380.00
1176,2024-05-09,20:42:48,online,completed,card,2,149.00,0,298.00,2024-05-15,,Samvel,Nazaryan,samvel.nazaryan@gmail.com,Gyumri,1979-12-12,2023-11-20,2006-03-15,3463.20,,,,,Brio 4K,Webcams,Logitech,149.00,100.00
1255,2024-07-06,13:38:58,in_store,completed,cash,1,449.00,0,449.00,,1,Narek,Manukyan,narek.manukyan@outlook.com,Gyumri,1992-09-03,2022-08-04,2022-02-28,6146.85,Vahe,Sahakyan,Store Manager,Yerevan Center,iPad 10th gen,Tablets,Apple,449.00,360.00
1261,2024-07-11,13:36:40,in_store,completed,card,3,14.50,0,43.50,,5,Artur,Baghdasaryan,artur.baghdasaryan@gmail.com,Yerevan,1987-09-27,2019-10-22,2016-12-24,10451.07,Marine,Avagyan,Senior Sales,Gyumri,USB Flash 128GB,Storage,SanDisk,14.50,8.00
1578,2024-12-23,11:31:39,in_store,cancelled,cash,2,89.99,0,179.98,,,Mariam,Hakobyan,mariam.hakobyan@gmail.com,Yerevan,1995-02-07,2023-04-10,2023-03-20,3685.98,Vahe,Sahakyan,Store Manager,Yerevan Center,MX Keys,Keyboards,Logitech,89.99,55.00
1019,2024-01-18,13:51:47,in_store,completed,cash,1,25.50,0,25.50,,,Artur,Baghdasaryan,artur.baghdasaryan@gmail.com,Yerevan,1987-09-27,2019-10-22,2016-12-24,10451.07,Nare,Ghazaryan,Sales Associate,Yerevan Mall,Laptop Sleeve 14,Accessories,Generic,25.50,10.00
1157,2024-04-26,13:09:37,in_store,returned,cash,3,14.99,0,44.97,,,Tatev,Martirosyan,tatev.martirosyan@yahoo.com,Yerevan,1994-07-19,2020-09-28,2020-02-14,4005.10,Lilit,Hovhannisyan,Sales Associate,Yerevan Mall,M185,Accessories,Logitech,14.99,7.00
1219,2024-06-01,07:37:16,online,completed,card,2,45.00,0,90.00,2024-06-08,,Hayk,Melikyan,hayk.melikyan@mail.ru,Vanadzor,1993-03-30,2021-09-11,,1815.59,,,,,USB-C Hub 7-in-1,Accessories,Anker,45.00,25.00
1166,2024-05-03,18:15:41,in_store,completed,cash,1,599.00,5,569.05,,5,Aram,Vardanyan,aram.vardanyan@gmail.com,Yerevan,1997-12-09,2020-07-08,2024-01-30,13544.72,Ani,Harutyunyan,Sales Associate,Yerevan Center,Pixel 8,Phones,Google,599.00,470.00
1280,2024-07-25,19:45:36,in_store,completed,cash,1,599.00,0,599.00,,5,Davit,Petrosyan,davit.petrosyan@mail.ru,Gyumri,1988-11-23,2020-11-27,2021-09-14,8230.04,Gor,Mkrtchyan,Senior Sales,Yerevan Center,Pixel 8,Phones,Google,599.00,470.00
1002,2024-01-02,16:28:20,in_store,completed,cash,1,249.00,0,249.00,,,Samvel,Nazaryan,samvel.nazaryan@gmail.com,Gyumri,1979-12-12,2023-11-20,2006-03-15,3463.20,Gor,Mkrtchyan,Senior Sales,Yerevan Center,AirPods Pro,Audio,Apple,249.00,190.00
1151,2024-04-20,14:30:07,online,completed,card,1,79.00,0,79.00,2024-04-27,,Gevorg,Kocharyan,gevorg.kocharyan@gmail.com,Vanadzor,1986-03-17,2022-12-26,2017-05-27,6999.68,,,,,Soundcore Q30,Audio,Anker,79.00,48.00
1379,2024-09-23,16:19:44,in_store,completed,cash,1,249.00,0,249.00,,4,Aram,Vardanyan,aram.vardanyan@gmail.com,Yerevan,1997-12-09,2020-07-08,2024-01-30,13544.72,Hayk,Melikyan,Senior Sales,Yerevan Mall,AirPods Pro,Audio,Apple,249.00,190.00
1330,2024-08-23,17:09:07,in_store,completed,card,1,449.00,0,449.00,,5,Hayk,Melikyan,hayk.melikyan@mail.ru,Vanadzor,1993-03-30,2021-09-11,,1815.59,Ani,Harutyunyan,Sales Associate,Yerevan Center,iPad 10th gen,Tablets,Apple,449.00,360.00
1273,2024-07-22,11:18:04,in_store,completed,cash,2,129.00,0,258.00,,4,Suren,Hayrapetyan,suren.hayrapetyan@gmail.com,Yerevan,1980-10-30,2023-02-17,2010-04-01,3526.16,Hayk,Melikyan,Senior Sales,Yerevan Mall,Flip 6,Audio,JBL,129.00,85.00
1228,2024-06-12,18:41:19,in_store,completed,cash,2,799.00,0,1598.00,,4,Artur,Baghdasaryan,artur.baghdasaryan@gmail.com,Yerevan,1987-09-27,2019-10-22,2016-12-24,10451.07,Ani,Harutyunyan,Sales Associate,Yerevan Center,iPhone 15,Phones,Apple,799.00,650.00
1013,2024-01-15,10:41:25,in_store,completed,transfer,1,449.00,0,449.00,,5,Suren,Hayrapetyan,suren.hayrapetyan@gmail.com,Yerevan,1980-10-30,2023-02-17,2010-04-01,3526.16,Hayk,Melikyan,Senior Sales,Yerevan Mall,iPad 10th gen,Tablets,Apple,449.00,360.00
1205,2024-05-27,15:38:48,in_store,completed,cash,1,74.00,0,74.00,,,Ruben,Asatryan,ruben.asatryan@gmail.com,Yerevan,1975-03-03,2021-09-04,2005-08-20,5885.18,Nare,Ghazaryan,Sales Associate,Yerevan Mall,Portable SSD T7 1TB,Storage,Samsung,74.00,52.00
1216,2024-05-31,13:26:50,in_store,completed,cash,1,799.00,0,799.00,,,Aram,Vardanyan,aram.vardanyan@gmail.com,Yerevan,1997-12-09,2020-07-08,2024-01-30,13544.72,Ani,Harutyunyan,Sales Associate,Yerevan Center,iPhone 15,Phones,Apple,799.00,650.00
1287,2024-07-30,15:48:59,in_store,completed,cash,1,349.00,0,349.00,,,Ruben,Asatryan,ruben.asatryan@gmail.com,Yerevan,1975-03-03,2021-09-04,2005-08-20,5885.18,Hayk,Melikyan,Senior Sales,Yerevan Mall,Odyssey G5 32,Monitors,Samsung,349.00,260.00
1299,2024-08-06,19:29:22,online,completed,card,1,149.00,0,149.00,2024-08-10,3,Nane,Galstyan,nane.galstyan@gmail.com,Yerevan,1998-11-11,2022-04-27,,2997.50,,,,,LaserJet M110,Printers,HP,149.00,105.00
1271,2024-07-19,19:50:29,in_store,completed,card,1,249.00,0,249.00,,5,Sona,Karapetyan,sona.karapetyan@gmail.com,Yerevan,1986-05-25,2021-06-26,2021-04-17,5530.54,Hayk,Melikyan,Senior Sales,Yerevan Mall,Redmi Note 13,Phones,Xiaomi,249.00,190.00
1498,2024-11-20,15:14:46,online,completed,card,1,280.00,0,280.00,2024-11-23,,Gevorg,Kocharyan,gevorg.kocharyan@gmail.com,Vanadzor,1986-03-17,2022-12-26,2017-05-27,6999.68,,,,,ProArt 24,Monitors,ASUS,280.00,210.00
1257,2024-07-06,17:43:31,in_store,completed,card,3,12.90,0,38.70,,3,Armen,Gevorgyan,armen.gevorgyan@gmail.com,Gyumri,1985-12-01,2020-05-13,2015-09-09,9172.79,Arman,Grigoryan,Sales Associate,Gyumri,HDMI 2.1 Cable 2m,Cables,Generic,12.90,4.00
1182,2024-05-14,11:24:50,online,completed,card,1,14.50,0,14.50,2024-05-18,,Mariam,Hakobyan,mariam.hakobyan@gmail.com,Yerevan,1995-02-07,2023-04-10,2023-03-20,3685.98,,,,,USB Flash 128GB,Storage,SanDisk,14.50,8.00
1391,2024-09-27,18:43:25,in_store,completed,card,2,89.99,0,179.98,,4,Armen,Gevorgyan,armen.gevorgyan@gmail.com,Gyumri,1985-12-01,2020-05-13,2015-09-09,9172.79,Nare,Ghazaryan,Sales Associate,Yerevan Mall,MX Keys,Keyboards,Logitech,89.99,55.00
1506,2024-11-26,22:35:40,online,completed,card,3,19.00,15,48.45,2024-11-29,,Davit,Petrosyan,davit.petrosyan@mail.ru,Gyumri,1988-11-23,2020-11-27,2021-09-14,8230.04,,,,,Lightning Cable,Cables,Apple,19.00,8.00
1189,2024-05-20,16:11:17,in_store,completed,cash,1,99.00,0,99.00,,,Karen,Khachatryan,karen.khachatryan@gmail.com,Gyumri,1982-01-15,2020-12-15,2012-06-30,7462.79,Ani,Harutyunyan,Sales Associate,Yerevan Center,MX Master 3S,Accessories,Logitech,99.00,60.00
1595,2024-12-28,12:06:08,in_store,cancelled,cash,2,129.00,0,258.00,,,Armen,Gevorgyan,armen.gevorgyan@gmail.com,Gyumri,1985-12-01,2020-05-13,2015-09-09,9172.79,Gor,Mkrtchyan,Senior Sales,Yerevan Center,Flip 6,Audio,JBL,129.00,85.00
1230,2024-06-12,19:35:07,online,completed,card,1,1100.00,0,1100.00,2024-06-14,,Tigran,Grigoryan,tigran.grigoryan@gmail.com,Gyumri,1983-07-30,2020-12-25,2020-11-05,5291.36,,,,,MacBook Air 13,Laptops,Apple,1100.00,900.00
1362,2024-09-13,18:47:57,in_store,completed,card,1,25.50,0,25.50,,5,Anna,Sargsyan,anna.sargsyan78@mail.ru,Yerevan,1978-10-02,2022-06-05,,2100.34,Gor,Mkrtchyan,Senior Sales,Yerevan Center,Laptop Sleeve 14,Accessories,Generic,25.50,10.00
1103,2024-03-20,18:11:26,in_store,completed,cash,1,149.00,0,149.00,,3,Narek,Manukyan,narek.manukyan@outlook.com,Gyumri,1992-09-03,2022-08-04,2022-02-28,6146.85,Arman,Grigoryan,Sales Associate,Gyumri,Brio 4K,Webcams,Logitech,149.00,100.00
1489,2024-11-16,12:35:24,in_store,completed,card,3,99.00,5,282.15,,,Armen,Gevorgyan,armen.gevorgyan@gmail.com,Gyumri,1985-12-01,2020-05-13,2015-09-09,9172.79,Gor,Mkrtchyan,Senior Sales,Yerevan Center,MX Master 3S,Accessories,Logitech,99.00,60.00
1414,2024-10-12,20:09:39,online,returned,card,1,280.00,0,280.00,2024-10-14,,Samvel,Nazaryan,samvel.nazaryan@gmail.com,Gyumri,1979-12-12,2023-11-20,2006-03-15,3463.20,,,,,ProArt 24,Monitors,ASUS,280.00,210.00
1214,2024-05-30,20:50:00,online,completed,transfer,2,59.00,0,118.00,2024-06-02,3,Ani,Stepanyan,ani.stepanyan@gmail.com,Yerevan,1997-01-09,2020-03-03,2023-11-11,1937.31,,,,,C920,Webcams,Logitech,59.00,38.00
1025,2024-01-19,16:29:49,in_store,completed,cash,1,249.00,10,224.10,,,Hayk,Melikyan,hayk.melikyan@mail.ru,Vanadzor,1993-03-30,2021-09-11,,1815.59,Gor,Mkrtchyan,Senior Sales,Yerevan Center,Redmi Note 13,Phones,Xiaomi,249.00,190.00
1262,2024-07-11,13:44:34,in_store,completed,cash,1,799.00,0,799.00,,3,Nane,Galstyan,nane.galstyan@gmail.com,Yerevan,1998-11-11,2022-04-27,,2997.50,Vahe,Sahakyan,Store Manager,Yerevan Center,iPhone 15,Phones,Apple,799.00,650.00
1278,2024-07-25,13:24:44,in_store,completed,transfer,1,14.99,0,14.99,,5,Aram,Vardanyan,aram.vardanyan@gmail.com,Yerevan,1997-12-09,2020-07-08,2024-01-30,13544.72,Gor,Mkrtchyan,Senior Sales,Yerevan Center,M185,Accessories,Logitech,14.99,7.00
1310,2024-08-13,13:28:56,in_store,completed,card,2,12.90,5,24.51,,4,Meline,Poghosyan,meline.poghosyan@outlook.com,Yerevan,1992-05-05,2019-02-08,,1145.20,Gor,Mkrtchyan,Senior Sales,Yerevan Center,HDMI 2.1 Cable 2m,Cables,Generic,12.90,4.00
1061,2024-02-19,10:13:43,in_store,completed,card,1,39.99,0,39.99,,4,Tigran,Grigoryan,tigran.grigoryan@gmail.com,Gyumri,1983-07-30,2020-12-25,2020-11-05,5291.36,Hayk,Melikyan,Senior Sales,Yerevan Mall,K380,Keyboards,Logitech,39.99,22.00
1429,2024-10-26,15:16:12,in_store,completed,cash,2,249.00,0,498.00,,5,Lilit,Hovhannisyan,lilit.hovhannisyan@mail.ru,Abovyan,1990-06-14,2023-02-11,2019-05-05,8978.29,Gor,Mkrtchyan,Senior Sales,Yerevan Center,Redmi Note 13,Phones,Xiaomi,249.00,190.00
1402,2024-10-04,09:55:18,online,completed,card,2,280.00,0,560.00,2024-10-06,5,Davit,Petrosyan,davit.petrosyan@mail.ru,Gyumri,1988-11-23,2020-11-27,2021-09-14,8230.04,,,,,ProArt 24,Monitors,ASUS,280.00,210.00
1295,2024-08-05,09:33:18,online,completed,card,1,19.00,0,19.00,2024-08-09,5,Vahan,Torosyan,vahan.torosyan@yahoo.com,Yerevan,1989-08-08,2023-11-03,2018-10-10,8575.72,,,,,Lightning Cable,Cables,Apple,19.00,8.00
1385,2024-09-26,11:11:57,in_store,completed,cash,2,1250.00,0,2500.00,,4,Vahan,Torosyan,vahan.torosyan@yahoo.com,Yerevan,1989-08-08,2023-11-03,2018-10-10,8575.72,Hayk,Melikyan,Senior Sales,Yerevan Mall,ThinkPad X1 Carbon,Laptops,Lenovo,1250.00,980.00
1222,2024-06-05,16:34:05,in_store,completed,cash,2,45.00,10,81.00,,5,Tatev,Martirosyan,tatev.martirosyan@yahoo.com,Yerevan,1994-07-19,2020-09-28,2020-02-14,4005.10,Gor,Mkrtchyan,Senior Sales,Yerevan Center,USB-C Hub 7-in-1,Accessories,Anker,45.00,25.00
1284,2024-07-30,10:15:47,in_store,completed,cash,2,249.00,0,498.00,,4,Gevorg,Kocharyan,gevorg.kocharyan@gmail.com,Vanadzor,1986-03-17,2022-12-26,2017-05-27,6999.68,Ani,Harutyunyan,Sales Associate,Yerevan Center,AirPods Pro,Audio,Apple,249.00,190.00
1528,2024-12-07,14:08:15,in_store,completed,card,2,59.00,15,100.30,,4,Arpine,Simonyan,arpine.simonyan@yahoo.com,Yerevan,2000-02-29,2022-12-08,,2478.95,Ani,Harutyunyan,Sales Associate,Yerevan Center,C920,Webcams,Logitech,59.00,38.00
1523,2024-12-05,17:02:18,in_store,completed,cash,1,890.00,0,890.00,,5,Davit,Petrosyan,davit.petrosyan@mail.ru,Gyumri,1988-11-23,2020-11-27,2021-09-14,8230.04,Arman,Grigoryan,Sales Associate,Gyumri,ZenBook 14,Laptops,ASUS,890.00,720.00
1263,2024-07-11,14:23:36,online,completed,card,1,14.99,0,14.99,2024-07-15,,Tatev,Martirosyan,tatev.martirosyan@yahoo.com,Yerevan,1994-07-19,2020-09-28,2020-02-14,4005.10,,,,,M185,Accessories,Logitech,14.99,7.00
1121,2024-03-30,19:55:30,in_store,cancelled,card,1,890.00,0,890.00,,,Gevorg,Kocharyan,gevorg.kocharyan@gmail.com,Vanadzor,1986-03-17,2022-12-26,2017-05-27,6999.68,Nare,Ghazaryan,Sales Associate,Yerevan Mall,ZenBook 14,Laptops,ASUS,890.00,720.00
1126,2024-04-03,12:02:34,online,completed,card,1,74.00,5,70.30,2024-04-10,4,Mariam,Hakobyan,mariam.hakobyan@gmail.com,Yerevan,1995-02-07,2023-04-10,2023-03-20,3685.98,,,,,Portable SSD T7 1TB,Storage,Samsung,74.00,52.00
1264,2024-07-12,07:45:11,online,completed,card,3,45.00,0,135.00,2024-07-17,,Davit,Petrosyan,davit.petrosyan@mail.ru,Gyumri,1988-11-23,2020-11-27,2021-09-14,8230.04,,,,,USB-C Hub 7-in-1,Accessories,Anker,45.00,25.00
1427,2024-10-25,15:23:29,in_store,completed,cash,1,9.90,0,9.90,,,Karen,Khachatryan,karen.khachatryan@gmail.com,Gyumri,1982-01-15,2020-12-15,2012-06-30,7462.79,Gor,Mkrtchyan,Senior Sales,Yerevan Center,USB-C Cable 1m,Cables,Anker,9.90,3.00
1437,2024-10-30,16:29:03,in_store,completed,card,2,12.90,0,25.80,,,Artur,Baghdasaryan,artur.baghdasaryan@gmail.com,Yerevan,1987-09-27,2019-10-22,2016-12-24,10451.07,Ani,Harutyunyan,Sales Associate,Yerevan Center,HDMI 2.1 Cable 2m,Cables,Generic,12.90,4.00
1181,2024-05-11,16:49:10,in_store,completed,cash,2,280.00,5,532.00,,4,Lilit,Hovhannisyan,lilit.hovhannisyan@mail.ru,Abovyan,1990-06-14,2023-02-11,2019-05-05,8978.29,Lilit,Hovhannisyan,Sales Associate,Yerevan Mall,ProArt 24,Monitors,ASUS,280.00,210.00
1457,2024-11-07,14:08:08,in_store,completed,card,2,25.50,0,51.00,,,Anna,Sargsyan,anna.sargsyan78@mail.ru,Yerevan,1978-10-02,2022-06-05,,2100.34,Hayk,Melikyan,Senior Sales,Yerevan Mall,Laptop Sleeve 14,Accessories,Generic,25.50,10.00
1596,2024-12-28,14:28:24,in_store,completed,cash,1,89.00,0,89.00,,,Armen,Gevorgyan,armen.gevorgyan@gmail.com,Gyumri,1985-12-01,2020-05-13,2015-09-09,9172.79,Hayk,Melikyan,Senior Sales,Yerevan Mall,Archer AX55 Router,Networking,TP-Link,89.00,60.00
1586,2024-12-26,15:30:40,in_store,completed,card,2,89.99,15,152.98,,3,Karen,Khachatryan,karen.khachatryan@gmail.com,Gyumri,1982-01-15,2020-12-15,2012-06-30,7462.79,Ani,Harutyunyan,Sales Associate,Yerevan Center,MX Keys,Keyboards,Logitech,89.99,55.00
1274,2024-07-22,19:45:31,in_store,completed,card,1,59.00,0,59.00,,5,Davit,Petrosyan,davit.petrosyan@mail.ru,Gyumri,1988-11-23,2020-11-27,2021-09-14,8230.04,Nare,Ghazaryan,Sales Associate,Yerevan Mall,C920,Webcams,Logitech,59.00,38.00
1515,2024-12-02,11:18:50,online,completed,card,1,599.00,0,599.00,2024-12-03,,Nane,Galstyan,nane.galstyan@gmail.com,Yerevan,1998-11-11,2022-04-27,,2997.50,,,,,Pixel 8,Phones,Google,599.00,470.00
1517,2024-12-02,15:27:20,in_store,completed,cash,1,9.90,0,9.90,,5,Anna,Sargsyan,anna.sargsyan@gmail.com,Yerevan,1991-04-12,2021-04-24,2022-06-01,5988.47,Lilit,Hovhannisyan,Sales Associate,Yerevan Mall,USB-C Cable 1m,Cables,Anker,9.90,3.00
1460,2024-11-08,14:32:33,in_store,completed,card,1,149.00,5,141.55,,4,Lilit,Hovhannisyan,lilit.hovhannisyan@mail.ru,Abovyan,1990-06-14,2023-02-11,2019-05-05,8978.29,Ani,Harutyunyan,Sales Associate,Yerevan Center,Brio 4K,Webcams,Logitech,149.00,100.00
1407,2024-10-07,12:46:04,in_store,completed,cash,2,99.00,0,198.00,,4,Diana,Aleksanyan,diana.aleksanyan@mail.ru,Yerevan,1999-09-09,2020-08-06,,2327.00,Hayk,Melikyan,Senior Sales,Yerevan Mall,MX Master 3S,Accessories,Logitech,99.00,60.00
1023,2024-01-19,12:47:39,online,returned,card,1,349.00,0,349.00,2024-01-26,,Gevorg,Kocharyan,gevorg.kocharyan@gmail.com,Vanadzor,1986-03-17,2022-12-26,2017-05-27,6999.68,,,,,Odyssey G5 32,Monitors,Samsung,349.00,260.00
1239,2024-06-20,10:58:21,in_store,completed,cash,2,12.90,0,25.80,,5,Anna,Sargsyan,anna.sargsyan78@mail.ru,Yerevan,1978-10-02,2022-06-05,,2100.34,Gor,Mkrtchyan,Senior Sales,Yerevan Center,HDMI 2.1 Cable 2m,Cables,Generic,12.90,4.00
1195,2024-05-22,17:34:01,online,completed,card,1,129.00,0,129.00,2024-05-28,,Narek,Manukyan,narek.manukyan@outlook.com,Gyumri,1992-09-03,2022-08-04,2022-02-28,6146.85,,,,,Flip 6,Audio,JBL,129.00,85.00
1392,2024-09-27,18:50:54,online,completed,card,1,1250.00,0,1250.00,2024-10-02,3,Arpine,Simonyan,arpine.simonyan@yahoo.com,Yerevan,2000-02-29,2022-12-08,,2478.95,,,,,ThinkPad X1 Carbon,Laptops,Lenovo,1250.00,980.00
1095,2024-03-12,16:41:56,in_store,cancelled,card,2,9.90,0,19.80,,,Hayk,Melikyan,hayk.melikyan@mail.ru,Vanadzor,1993-03-30,2021-09-11,,1815.59,Vahe,Sahakyan,Store Manager,Yerevan Center,USB-C Cable 1m,Cables,Anker,9.90,3.00
1566,2024-12-19,18:56:09,in_store,completed,transfer,1,129.00,0,129.00,,5,Tatev,Martirosyan,tatev.martirosyan@yahoo.com,Yerevan,1994-07-19,2020-09-28,2020-02-14,4005.10,Gor,Mkrtchyan,Senior Sales,Yerevan Center,Flip 6,Audio,JBL,129.00,85.00
1365,2024-09-14,16:56:40,in_store,completed,cash,2,45.00,0,90.00,,5,Davit,Petrosyan,davit.petrosyan@mail.ru,Gyumri,1988-11-23,2020-11-27,2021-09-14,8230.04,Ani,Harutyunyan,Sales Associate,Yerevan Center,USB-C Hub 7-in-1,Accessories,Anker,45.00,25.00
1052,2024-02-12,22:28:29,online,completed,card,1,299.00,0,299.00,2024-02-19,3,Gevorg,Kocharyan,gevorg.kocharyan@gmail.com,Vanadzor,1986-03-17,2022-12-26,2017-05-27,6999.68,,,,,WH-1000XM5,Audio,Sony,299.00,220.00
1504,2024-11-25,09:49:21,online,completed,card,1,89.99,15,76.49,2024-12-01,5,Davit,Petrosyan,davit.petrosyan@mail.ru,Gyumri,1988-11-23,2020-11-27,2021-09-14,8230.04,,,,,MX Keys,Keyboards,Logitech,89.99,55.00
1413,2024-10-12,18:56:24,in_store,completed,card,3,45.00,0,135.00,,5,Suren,Hayrapetyan,suren.hayrapetyan@gmail.com,Yerevan,1980-10-30,2023-02-17,2010-04-01,3526.16,Lilit,Hovhannisyan,Sales Associate,Yerevan Mall,USB-C Hub 7-in-1,Accessories,Anker,45.00,25.00
1090,2024-03-11,14:17:29,in_store,completed,cash,1,79.00,10,71.10,,5,Sona,Karapetyan,sona.karapetyan@gmail.com,Yerevan,1986-05-25,2021-06-26,2021-04-17,5530.54,Nare,Ghazaryan,Sales Associate,Yerevan Mall,Soundcore Q30,Audio,Anker,79.00,48.00
1440,2024-10-31,19:19:29,in_store,completed,card,1,99.00,0,99.00,,5,Ruben,Asatryan,ruben.asatryan@gmail.com,Yerevan,1975-03-03,2021-09-04,2005-08-20,5885.18,Ani,Harutyunyan,Sales Associate,Yerevan Center,MX Master 3S,Accessories,Logitech,99.00,60.00
1453,2024-11-06,18:30:51,in_store,completed,transfer,1,59.00,0,59.00,,,Armen,Gevorgyan,armen.gevorgyan@gmail.com,Gyumri,1985-12-01,2020-05-13,2015-09-09,9172.79,Ani,Harutyunyan,Sales Associate,Yerevan Center,C920,Webcams,Logitech,59.00,38.00
1020,2024-01-18,17:40:11,in_store,completed,cash,1,1100.00,0,1100.00,,5,Ruben,Asatryan,ruben.asatryan@gmail.com,Yerevan,1975-03-03,2021-09-04,2005-08-20,5885.18,Gor,Mkrtchyan,Senior Sales,Yerevan Center,MacBook Air 13,Laptops,Apple,1100.00,900.00
1265,2024-07-13,17:52:10,in_store,completed,card,1,79.00,10,71.10,,5,Armen,Gevorgyan,armen.gevorgyan@gmail.com,Gyumri,1985-12-01,2020-05-13,2015-09-09,9172.79,Lilit,Hovhannisyan,Sales Associate,Yerevan Mall,Soundcore Q30,Audio,Anker,79.00,48.00
1115,2024-03-28,16:09:20,in_store,completed,transfer,1,799.00,5,759.05,,5,Anna,Sargsyan,anna.sargsyan78@mail.ru,Yerevan,1978-10-02,2022-06-05,,2100.34,Arman,Grigoryan,Sales Associate,Gyumri,iPhone 15,Phones,Apple,799.00,650.00
1046,2024-02-07,13:48:00,in_store,completed,transfer,1,99.00,0,99.00,,4,Aram,Vardanyan,aram.vardanyan@gmail.com,Yerevan,1997-12-09,2020-07-08,2024-01-30,13544.72,Hayk,Melikyan,Senior Sales,Yerevan Mall,MX Master 3S,Accessories,Logitech,99.00,60.00
1188,2024-05-20,11:59:01,in_store,completed,cash,1,14.50,0,14.50,,2,Anna,Sargsyan,anna.sargsyan@gmail.com,Yerevan,1991-04-12,2021-04-24,2022-06-01,5988.47,Ani,Harutyunyan,Sales Associate,Yerevan Center,USB Flash 128GB,Storage,SanDisk,14.50,8.00
1234,2024-06-17,11:46:00,in_store,completed,card,1,14.99,0,14.99,,5,Artur,Baghdasaryan,artur.baghdasaryan@gmail.com,Yerevan,1987-09-27,2019-10-22,2016-12-24,10451.07,Ani,Harutyunyan,Sales Associate,Yerevan Center,M185,Accessories,Logitech,14.99,7.00
1333,2024-08-26,16:52:04,in_store,completed,transfer,2,19.00,10,34.20,,,Lilit,Hovhannisyan,lilit.hovhannisyan@mail.ru,Abovyan,1990-06-14,2023-02-11,2019-05-05,8978.29,Vahe,Sahakyan,Store Manager,Yerevan Center,Lightning Cable,Cables,Apple,19.00,8.00
1208,2024-05-28,19:19:55,online,completed,card,1,89.99,0,89.99,2024-05-29,5,Davit,Petrosyan,davit.petrosyan@mail.ru,Gyumri,1988-11-23,2020-11-27,2021-09-14,8230.04,,,,,MX Keys,Keyboards,Logitech,89.99,55.00
1551,2024-12-16,10:24:36,in_store,cancelled,cash,1,149.00,0,149.00,,,Ruben,Asatryan,ruben.asatryan@gmail.com,Yerevan,1975-03-03,2021-09-04,2005-08-20,5885.18,Ani,Harutyunyan,Sales Associate,Yerevan Center,LaserJet M110,Printers,HP,149.00,105.00
1270,2024-07-19,12:23:31,in_store,completed,card,1,14.50,0,14.50,,4,Armen,Gevorgyan,armen.gevorgyan@gmail.com,Gyumri,1985-12-01,2020-05-13,2015-09-09,9172.79,Hayk,Melikyan,Senior Sales,Yerevan Mall,USB Flash 128GB,Storage,SanDisk,14.50,8.00
1524,2024-12-06,08:09:52,online,completed,card,1,449.00,0,449.00,2024-12-08,4,Samvel,Nazaryan,samvel.nazaryan@gmail.com,Gyumri,1979-12-12,2023-11-20,2006-03-15,3463.20,,,,,iPad 10th gen,Tablets,Apple,449.00,360.00
1017,2024-01-16,19:45:44,in_store,completed,cash,1,12.90,0,12.90,,4,Meline,Poghosyan,meline.poghosyan@outlook.com,Yerevan,1992-05-05,2019-02-08,,1145.20,Ani,Harutyunyan,Sales Associate,Yerevan Center,HDMI 2.1 Cable 2m,Cables,Generic,12.90,4.00
1383,2024-09-24,14:26:53,in_store,returned,cash,3,14.50,0,43.50,,,Lilit,Hovhannisyan,lilit.hovhannisyan@mail.ru,Abovyan,1990-06-14,2023-02-11,2019-05-05,8978.29,Nare,Ghazaryan,Sales Associate,Yerevan Mall,USB Flash 128GB,Storage,SanDisk,14.50,8.00
1084,2024-03-07,14:24:18,in_store,completed,card,1,74.00,0,74.00,,,Artur,Baghdasaryan,artur.baghdasaryan@gmail.com,Yerevan,1987-09-27,2019-10-22,2016-12-24,10451.07,Arman,Grigoryan,Sales Associate,Gyumri,Portable SSD T7 1TB,Storage,Samsung,74.00,52.00
1211,2024-05-29,19:25:48,in_store,completed,card,2,9.90,0,19.80,,4,Armen,Gevorgyan,armen.gevorgyan@gmail.com,Gyumri,1985-12-01,2020-05-13,2015-09-09,9172.79,Ani,Harutyunyan,Sales Associate,Yerevan Center,USB-C Cable 1m,Cables,Anker,9.90,3.00
1431,2024-10-28,13:04:39,in_store,completed,cash,1,99.00,0,99.00,,5,Artur,Baghdasaryan,artur.baghdasaryan@gmail.com,Yerevan,1987-09-27,2019-10-22,2016-12-24,10451.07,Nare,Ghazaryan,Sales Associate,Yerevan Mall,MX Master 3S,Accessories,Logitech,99.00,60.00
1591,2024-12-27,19:27:25,in_store,completed,card,1,89.00,10,80.10,,,Anna,Sargsyan,anna.sargsyan@gmail.com,Yerevan,1991-04-12,2021-04-24,2022-06-01,5988.47,Lilit,Hovhannisyan,Sales Associate,Yerevan Mall,Archer AX55 Router,Networking,TP-Link,89.00,60.00
1514,2024-11-30,15:02:20,in_store,returned,card,1,449.00,0,449.00,,,Narek,Manukyan,narek.manukyan@outlook.com,Gyumri,1992-09-03,2022-08-04,2022-02-28,6146.85,Lilit,Hovhannisyan,Sales Associate,Yerevan Mall,iPad 10th gen,Tablets,Apple,449.00,360.00
1040,2024-01-31,15:58:58,in_store,completed,card,1,74.00,0,74.00,,4,Vahan,Torosyan,vahan.torosyan@yahoo.com,Yerevan,1989-08-08,2023-11-03,2018-10-10,8575.72,Nare,Ghazaryan,Sales Associate,Yerevan Mall,Portable SSD T7 1TB,Storage,Samsung,74.00,52.00
1326,2024-08-21,10:53:16,in_store,completed,cash,1,14.99,0,14.99,,2,Aram,Vardanyan,aram.vardanyan@gmail.com,Yerevan,1997-12-09,2020-07-08,2024-01-30,13544.72,Hayk,Melikyan,Senior Sales,Yerevan Mall,M185,Accessories,Logitech,14.99,7.00
1337,2024-08-29,22:59:38,online,completed,card,3,19.00,0,57.00,2024-09-05,,Ani,Stepanyan,ani.stepanyan@gmail.com,Yerevan,1997-01-09,2020-03-03,2023-11-11,1937.31,,,,,Lightning Cable,Cables,Apple,19.00,8.00
1334,2024-08-27,10:35:56,in_store,completed,transfer,1,210.00,0,210.00,,,Davit,Petrosyan,davit.petrosyan@mail.ru,Gyumri,1988-11-23,2020-11-27,2021-09-14,8230.04,Ani,Harutyunyan,Sales Associate,Yerevan Center,PIXMA TS3450,Printers,Canon,210.00,150.00
1152,2024-04-23,00:09:11,online,completed,card,2,14.50,0,29.00,2024-04-24,4,Samvel,Nazaryan,samvel.nazaryan@gmail.com,Gyumri,1979-12-12,2023-11-20,2006-03-15,3463.20,,,,,USB Flash 128GB,Storage,SanDisk,14.50,8.00
1588,2024-12-27,13:27:31,in_store,completed,card,2,799.00,15,1358.30,,,Artur,Baghdasaryan,artur.baghdasaryan@gmail.com,Yerevan,1987-09-27,2019-10-22,2016-12-24,10451.07,Hayk,Melikyan,Senior Sales,Yerevan Mall,iPhone 15,Phones,Apple,799.00,650.00
1438,2024-10-31,10:47:42,in_store,completed,card,1,25.50,0,25.50,,3,Ruben,Asatryan,ruben.asatryan@gmail.com,Yerevan,1975-03-03,2021-09-04,2005-08-20,5885.18,Hayk,Melikyan,Senior Sales,Yerevan Mall,Laptop Sleeve 14,Accessories,Generic,25.50,10.00
1260,2024-07-10,18:44:45,in_store,completed,card,1,12.90,0,12.90,,,Tatev,Martirosyan,tatev.martirosyan@yahoo.com,Yerevan,1994-07-19,2020-09-28,2020-02-14,4005.10,Nare,Ghazaryan,Sales Associate,Yerevan Mall,HDMI 2.1 Cable 2m,Cables,Generic,12.90,4.00
1011,2024-01-13,13:21:00,in_store,completed,cash,1,799.00,0,799.00,,,Artur,Baghdasaryan,artur.baghdasaryan@gmail.com,Yerevan,1987-09-27,2019-10-22,2016-12-24,10451.07,Arman,Grigoryan,Sales Associate,Gyumri,iPhone 15,Phones,Apple,799.00,650.00
1567,2024-12-19,20:54:55,online,completed,transfer,2,9.90,5,18.81,2024-12-26,5,Tigran,Grigoryan,tigran.grigoryan@gmail.com,Gyumri,1983-07-30,2020-12-25,2020-11-05,5291.36,,,,,USB-C Cable 1m,Cables,Anker,9.90,3.00
1598,2024-12-30,17:42:00,in_store,completed,cash,1,349.00,0,349.00,,,Aram,Vardanyan,aram.vardanyan@gmail.com,Yerevan,1997-12-09,2020-07-08,2024-01-30,13544.72,Hayk,Melikyan,Senior Sales,Yerevan Mall,Odyssey G5 32,Monitors,Samsung,349.00,260.00
1316,2024-08-14,20:23:37,online,completed,transfer,3,99.00,15,252.45,2024-08-17,4,Vahan,Torosyan,vahan.torosyan@yahoo.com,Yerevan,1989-08-08,2023-11-03,2018-10-10,8575.72,,,,,MX Master 3S,Accessories,Logitech,99.00,60.00
1078,2024-03-04,12:10:02,in_store,completed,cash,1,74.00,0,74.00,,,Ani,Stepanyan,ani.stepanyan@gmail.com,Yerevan,1997-01-09,2020-03-03,2023-11-11,1937.31,Ani,Harutyunyan,Sales Associate,Yerevan Center,Portable SSD T7 1TB,Storage,Samsung,74.00,52.00
1534,2024-12-09,15:39:47,in_store,cancelled,cash,2,149.00,5,283.10,,,Aram,Vardanyan,aram.vardanyan@gmail.com,Yerevan,1997-12-09,2020-07-08,2024-01-30,13544.72,Arman,Grigoryan,Sales Associate,Gyumri,Brio 4K,Webcams,Logitech,149.00,100.00
1561,2024-12-18,15:28:34,in_store,completed,card,1,620.00,0,620.00,,,Meline,Poghosyan,meline.poghosyan@outlook.com,Yerevan,1992-05-05,2019-02-08,,1145.20,Hayk,Melikyan,Senior Sales,Yerevan Mall,Aspire 5,Laptops,Acer,620.00,500.00
1204,2024-05-27,14:32:05,in_store,completed,transfer,1,89.99,0,89.99,,,Karen,Khachatryan,karen.khachatryan@gmail.com,Gyumri,1982-01-15,2020-12-15,2012-06-30,7462.79,Ani,Harutyunyan,Sales Associate,Yerevan Center,MX Keys,Keyboards,Logitech,89.99,55.00
1495,2024-11-19,18:26:59,in_store,completed,card,2,14.99,20,23.98,,5,Gevorg,Kocharyan,gevorg.kocharyan@gmail.com,Vanadzor,1986-03-17,2022-12-26,2017-05-27,6999.68,Marine,Avagyan,Senior Sales,Gyumri,M185,Accessories,Logitech,14.99,7.00
1318,2024-08-16,12:44:13,in_store,returned,transfer,2,74.00,0,148.00,,,Gevorg,Kocharyan,gevorg.kocharyan@gmail.com,Vanadzor,1986-03-17,2022-12-26,2017-05-27,6999.68,Hayk,Melikyan,Senior Sales,Yerevan Mall,Portable SSD T7 1TB,Storage,Samsung,74.00,52.00
1412,2024-10-12,11:32:47,online,completed,card,1,14.99,10,13.49,2024-10-16,,Ruben,Asatryan,ruben.asatryan@gmail.com,Yerevan,1975-03-03,2021-09-04,2005-08-20,5885.18,,,,,M185,Accessories,Logitech,14.99,7.00
1386,2024-09-26,16:58:44,in_store,completed,card,2,249.00,0,498.00,,5,Sona,Karapetyan,sona.karapetyan@gmail.com,Yerevan,1986-05-25,2021-06-26,2021-04-17,5530.54,Nare,Ghazaryan,Sales Associate,Yerevan Mall,AirPods Pro,Audio,Apple,249.00,190.00
1294,2024-08-03,21:25:26,online,completed,card,2,59.00,0,118.00,2024-08-04,,Vahan,Torosyan,vahan.torosyan@yahoo.com,Yerevan,1989-08-08,2023-11-03,2018-10-10,8575.72,,,,,C920,Webcams,Logitech,59.00,38.00
1248,2024-07-02,17:59:21,in_store,completed,cash,1,89.99,0,89.99,,4,Aram,Vardanyan,aram.vardanyan@gmail.com,Yerevan,1997-12-09,2020-07-08,2024-01-30,13544.72,Nare,Ghazaryan,Sales Associate,Yerevan Mall,MX Keys,Keyboards,Logitech,89.99,55.00
1343,2024-09-03,03:16:49,online,completed,card,1,59.00,0,59.00,2024-09-04,3,Armen,Gevorgyan,armen.gevorgyan@gmail.com,Gyumri,1985-12-01,2020-05-13,2015-09-09,9172.79,,,,,C920,Webcams,Logitech,59.00,38.00
1246,2024-06-29,18:27:40,online,completed,card,2,890.00,0,1780.00,2024-07-04,,Diana,Aleksanyan,diana.aleksanyan@mail.ru,Yerevan,1999-09-09,2020-08-06,,2327.00,,,,,ZenBook 14,Laptops,ASUS,890.00,720.00
1143,2024-04-17,10:21:18,in_store,completed,card,2,79.00,0,158.00,,,Gevorg,Kocharyan,gevorg.kocharyan@gmail.com,Vanadzor,1986-03-17,2022-12-26,2017-05-27,6999.68,Marine,Avagyan,Senior Sales,Gyumri,Soundcore Q30,Audio,Anker,79.00,48.00
1569,2024-12-20,11:17:31,in_store,completed,card,2,74.00,0,148.00,,5,Aram,Vardanyan,aram.vardanyan@gmail.com,Yerevan,1997-12-09,2020-07-08,2024-01-30,13544.72,Vahe,Sahakyan,Store Manager,Yerevan Center,Portable SSD T7 1TB,Storage,Samsung,74.00,52.00
1129,2024-04-03,17:10:41,online,completed,transfer,1,210.00,0,210.00,2024-04-08,5,Sona,Karapetyan,sona.karapetyan@gmail.com,Yerevan,1986-05-25,2021-06-26,2021-04-17,5530.54,,,,,PIXMA TS3450,Printers,Canon,210.00,150.00
1475,2024-11-13,21:38:25,online,cancelled,card,2,89.99,0,179.98,,,Lilit,Hovhannisyan,lilit.hovhannisyan@mail.ru,Abovyan,1990-06-14,2023-02-11,2019-05-05,8978.29,,,,,MX Keys,Keyboards,Logitech,89.99,55.00
1154,2024-04-24,10:09:20,in_store,completed,card,1,699.00,5,664.05,,4,Karen,Khachatryan,karen.khachatryan@gmail.com,Gyumri,1982-01-15,2020-12-15,2012-06-30,7462.79,Ani,Harutyunyan,Sales Associate,Yerevan Center,Galaxy S24,Phones,Samsung,699.00,540.00
1235,2024-06-17,16:39:15,online,cancelled,transfer,1,599.00,15,509.15,,,Davit,Petrosyan,davit.petrosyan@mail.ru,Gyumri,1988-11-23,2020-11-27,2021-09-14,8230.04,,,,,Pixel 8,Phones,Google,599.00,470.00
1119,2024-03-29,17:53:36,in_store,completed,card,2,89.00,0,178.00,,5,Aram,Vardanyan,aram.vardanyan@gmail.com,Yerevan,1997-12-09,2020-07-08,2024-01-30,13544.72,Vahe,Sahakyan,Store Manager,Yerevan Center,Archer AX55 Router,Networking,TP-Link,89.00,60.00
1593,2024-12-27,20:50:21,online,completed,card,1,14.50,0,14.50,2025-01-03,5,Davit,Petrosyan,davit.petrosyan@mail.ru,Gyumri,1988-11-23,2020-11-27,2021-09-14,8230.04,,,,,USB Flash 128GB,Storage,SanDisk,14.50,8.00
1102,2024-03-20,15:42:41,online,completed,card,2,64.00,0,128.00,2024-03-25,,Karen,Khachatryan,karen.khachatryan@gmail.com,Gyumri,1982-01-15,2020-12-15,2012-06-30,7462.79,,,,,Expansion HDD 2TB,Storage,Seagate,64.00,45.00
1243,2024-06-25,13:31:21,in_store,completed,card,2,45.00,0,90.00,,,Davit,Petrosyan,davit.petrosyan@mail.ru,Gyumri,1988-11-23,2020-11-27,2021-09-14,8230.04,Gor,Mkrtchyan,Senior Sales,Yerevan Center,USB-C Hub 7-in-1,Accessories,Anker,45.00,25.00
1563,2024-12-19,06:36:36,online,completed,card,2,19.00,10,34.20,2024-12-24,,Karen,Khachatryan,karen.khachatryan@gmail.com,Gyumri,1982-01-15,2020-12-15,2012-06-30,7462.79,,,,,Lightning Cable,Cables,Apple,19.00,8.00
1558,2024-12-17,16:16:03,in_store,completed,transfer,1,320.00,0,320.00,,5,Mher,Sargsyan,mher.sargsyan@gmail.com,Yerevan,1983-04-04,2020-03-12,2013-10-18,2167.56,Ani,Harutyunyan,Sales Associate,Yerevan Center,UltraSharp 27,Monitors,Dell,320.00,240.00
1423,2024-10-22,18:42:15,in_store,completed,card,1,1250.00,0,1250.00,,,Anna,Sargsyan,anna.sargsyan@gmail.com,Yerevan,1991-04-12,2021-04-24,2022-06-01,5988.47,Hayk,Melikyan,Senior Sales,Yerevan Mall,ThinkPad X1 Carbon,Laptops,Lenovo,1250.00,980.00
1541,2024-12-11,18:20:22,in_store,completed,card,3,64.00,10,172.80,,,Tigran,Grigoryan,tigran.grigoryan@gmail.com,Gyumri,1983-07-30,2020-12-25,2020-11-05,5291.36,Hayk,Melikyan,Senior Sales,Yerevan Mall,Expansion HDD 2TB,Storage,Seagate,64.00,45.00
1313,2024-08-13,18:32:20,online,returned,card,1,64.00,0,64.00,2024-08-17,,Armen,Gevorgyan,armen.gevorgyan@gmail.com,Gyumri,1985-12-01,2020-05-13,2015-09-09,9172.79,,,,,Expansion HDD 2TB,Storage,Seagate,64.00,45.00
1532,2024-12-07,19:55:15,in_store,returned,cash,1,149.00,0,149.00,,,Ruben,Asatryan,ruben.asatryan@gmail.com,Yerevan,1975-03-03,2021-09-04,2005-08-20,5885.18,Nare,Ghazaryan,Sales Associate,Yerevan Mall,LaserJet M110,Printers,HP,149.00,105.00
1029,2024-01-24,15:56:51,in_store,completed,cash,1,1250.00,0,1250.00,,,Samvel,Nazaryan,samvel.nazaryan@gmail.com,Gyumri,1979-12-12,2023-11-20,2006-03-15,3463.20,Ani,Harutyunyan,Sales Associate,Yerevan Center,ThinkPad X1 Carbon,Laptops,Lenovo,1250.00,980.00
1435,2024-10-29,19:17:06,in_store,completed,transfer,3,14.99,0,44.97,,,Narek,Manukyan,narek.manukyan@outlook.com,Gyumri,1992-09-03,2022-08-04,2022-02-28,6146.85,Marine,Avagyan,Senior Sales,Gyumri,M185,Accessories,Logitech,14.99,7.00
1576,2024-12-21,17:06:01,in_store,completed,transfer,2,89.00,0,178.00,,5,Tatev,Martirosyan,tatev.martirosyan@yahoo.com,Yerevan,1994-07-19,2020-09-28,2020-02-14,4005.10,Lilit,Hovhannisyan,Sales Associate,Yerevan Mall,Archer AX55 Router,Networking,TP-Link,89.00,60.00
1300,2024-08-07,06:09:10,online,completed,card,1,79.00,0,79.00,2024-08-13,1,Narek,Manukyan,narek.manukyan@outlook.com,Gyumri,1992-09-03,2022-08-04,2022-02-28,6146.85,,,,,Soundcore Q30,Audio,Anker,79.00,48.00
1573,2024-12-20,19:09:07,in_store,returned,cash,1,449.00,0,449.00,,,Davit,Petrosyan,davit.petrosyan@mail.ru,Gyumri,1988-11-23,2020-11-27,2021-09-14,8230.04,Vahe,Sahakyan,Store Manager,Yerevan Center,iPad 10th gen,Tablets,Apple,449.00,360.00
1128,2024-04-03,16:58:36,in_store,completed,cash,1,299.00,0,299.00,,,Hasmik,Zakaryan,hasmik.zakaryan@mail.ru,Yerevan,1991-02-14,2021-01-04,2021-06-19,5710.74,Vahe,Sahakyan,Store Manager,Yerevan Center,WH-1000XM5,Audio,Sony,299.00,220.00
1224,2024-06-06,18:24:43,in_store,completed,card,3,19.00,0,57.00,,,Davit,Petrosyan,davit.petrosyan@mail.ru,Gyumri,1988-11-23,2020-11-27,2021-09-14,8230.04,Ani,Harutyunyan,Sales Associate,Yerevan Center,Lightning Cable,Cables,Apple,19.00,8.00
1014,2024-01-16,11:14:47,in_store,completed,cash,3,9.90,15,25.25,,,Karen,Khachatryan,karen.khachatryan@gmail.com,Gyumri,1982-01-15,2020-12-15,2012-06-30,7462.79,Marine,Avagyan,Senior Sales,Gyumri,USB-C Cable 1m,Cables,Anker,9.90,3.00
1396,2024-09-30,09:01:44,online,completed,card,3,14.99,10,40.47,2024-10-03,,Hayk,Melikyan,hayk.melikyan@mail.ru,Vanadzor,1993-03-30,2021-09-11,,1815.59,,,,,M185,Accessories,Logitech,14.99,7.00
1147,2024-04-18,18:24:31,in_store,completed,card,2,9.90,0,19.80,,5,Mher,Sargsyan,mher.sargsyan@gmail.com,Yerevan,1983-04-04,2020-03-12,2013-10-18,2167.56,Gor,Mkrtchyan,Senior Sales,Yerevan Center,USB-C Cable 1m,Cables,Anker,9.90,3.00
1416,2024-10-14,19:01:28,online,completed,card,1,12.90,0,12.90,2024-10-20,4,Karen,Khachatryan,karen.khachatryan@gmail.com,Gyumri,1982-01-15,2020-12-15,2012-06-30,7462.79,,,,,HDMI 2.1 Cable 2m,Cables,Generic,12.90,4.00
1226,2024-06-08,19:57:09,in_store,completed,card,1,349.00,0,349.00,,5,Narek,Manukyan,narek.manukyan@outlook.com,Gyumri,1992-09-03,2022-08-04,2022-02-28,6146.85,Vahe,Sahakyan,Store Manager,Yerevan Center,Odyssey G5 32,Monitors,Samsung,349.00,260.00
1291,2024-08-01,17:07:18,in_store,completed,card,1,89.99,0,89.99,,4,Narek,Manukyan,narek.manukyan@outlook.com,Gyumri,1992-09-03,2022-08-04,2022-02-28,6146.85,Lilit,Hovhannisyan,Sales Associate,Yerevan Mall,MX Keys,Keyboards,Logitech,89.99,55.00
1083,2024-03-06,18:29:18,in_store,completed,card,2,79.00,0,158.00,,5,Ruben,Asatryan,ruben.asatryan@gmail.com,Yerevan,1975-03-03,2021-09-04,2005-08-20,5885.18,Nare,Ghazaryan,Sales Associate,Yerevan Mall,Soundcore Q30,Audio,Anker,79.00,48.00
1269,2024-07-18,15:29:43,in_store,returned,cash,1,799.00,0,799.00,,,Artur,Baghdasaryan,artur.baghdasaryan@gmail.com,Yerevan,1987-09-27,2019-10-22,2016-12-24,10451.07,Marine,Avagyan,Senior Sales,Gyumri,iPhone 15,Phones,Apple,799.00,650.00
1145,2024-04-18,10:32:56,in_store,completed,card,2,14.50,0,29.00,,5,Aram,Vardanyan,aram.vardanyan@gmail.com,Yerevan,1997-12-09,2020-07-08,2024-01-30,13544.72,Marine,Avagyan,Senior Sales,Gyumri,USB Flash 128GB,Storage,SanDisk,14.50,8.00
1403,2024-10-04,10:16:37,in_store,completed,cash,1,64.00,0,64.00,,5,Mher,Sargsyan,mher.sargsyan@gmail.com,Yerevan,1983-04-04,2020-03-12,2013-10-18,2167.56,Ani,Harutyunyan,Sales Associate,Yerevan Center,Expansion HDD 2TB,Storage,Seagate,64.00,45.00
1267,2024-07-17,13:26:43,in_store,completed,cash,1,12.90,0,12.90,,5,Gevorg,Kocharyan,gevorg.kocharyan@gmail.com,Vanadzor,1986-03-17,2022-12-26,2017-05-27,6999.68,Ani,Harutyunyan,Sales Associate,Yerevan Center,HDMI 2.1 Cable 2m,Cables,Generic,12.90,4.00
1059,2024-02-16,22:51:33,online,completed,card,1,320.00,0,320.00,2024-02-18,,Gevorg,Kocharyan,gevorg.kocharyan@gmail.com,Vanadzor,1986-03-17,2022-12-26,2017-05-27,6999.68,,,,,UltraSharp 27,Monitors,Dell,320.00,240.00
1085,2024-03-07,18:08:38,in_store,completed,cash,1,64.00,0,64.00,,3,Aram,Vardanyan,aram.vardanyan@gmail.com,Yerevan,1997-12-09,2020-07-08,2024-01-30,13544.72,Ani,Harutyunyan,Sales Associate,Yerevan Center,Expansion HDD 2TB,Storage,Seagate,64.00,45.00
1400,2024-10-02,18:51:42,in_store,completed,card,1,9.90,0,9.90,,,Artur,Baghdasaryan,artur.baghdasaryan@gmail.com,Yerevan,1987-09-27,2019-10-22,2016-12-24,10451.07,Nare,Ghazaryan,Sales Associate,Yerevan Mall,USB-C Cable 1m,Cables,Anker,9.90,3.00
1549,2024-12-13,16:49:14,in_store,completed,card,2,89.00,0,178.00,,,Aram,Vardanyan,aram.vardanyan@gmail.com,Yerevan,1997-12-09,2020-07-08,2024-01-30,13544.72,Vahe,Sahakyan,Store Manager,Yerevan Center,Archer AX55 Router,Networking,TP-Link,89.00,60.00
1091,2024-03-12,07:51:56,online,completed,card,3,129.00,15,328.95,2024-03-14,,Hayk,Melikyan,hayk.melikyan@mail.ru,Vanadzor,1993-03-30,2021-09-11,,1815.59,,,,,Flip 6,Audio,JBL,129.00,85.00
1253,2024-07-05,11:48:10,in_store,completed,card,1,699.00,0,699.00,,4,Arpine,Simonyan,arpine.simonyan@yahoo.com,Yerevan,2000-02-29,2022-12-08,,2478.95,Gor,Mkrtchyan,Senior Sales,Yerevan Center,Galaxy S24,Phones,Samsung,699.00,540.00
1352,2024-09-09,10:30:44,in_store,completed,cash,2,89.99,0,179.98,,,Narek,Manukyan,narek.manukyan@outlook.com,Gyumri,1992-09-03,2022-08-04,2022-02-28,6146.85,Gor,Mkrtchyan,Senior Sales,Yerevan Center,MX Keys,Keyboards,Logitech,89.99,55.00
1123,2024-04-02,02:45:10,online,completed,card,1,64.00,0,64.00,2024-04-03,5,Artur,Baghdasaryan,artur.baghdasaryan@gmail.com,Yerevan,1987-09-27,2019-10-22,2016-12-24,10451.07,,,,,Expansion HDD 2TB,Storage,Seagate,64.00,45.00
1089,2024-03-09,16:01:56,in_store,completed,card,2,55.00,0,110.00,,4,Artur,Baghdasaryan,artur.baghdasaryan@gmail.com,Yerevan,1987-09-27,2019-10-22,2016-12-24,10451.07,Gor,Mkrtchyan,Senior Sales,Yerevan Center,Powerline Kit,Networking,TP-Link,55.00,35.00
1594,2024-12-27,21:41:45,online,completed,card,1,320.00,0,320.00,2024-12-29,5,Samvel,Nazaryan,samvel.nazaryan@gmail.com,Gyumri,1979-12-12,2023-11-20,2006-03-15,3463.20,,,,,UltraSharp 27,Monitors,Dell,320.00,240.00
1125,2024-04-02,16:07:29,in_store,completed,cash,1,249.00,10,224.10,,4,Davit,Petrosyan,davit.petrosyan@mail.ru,Gyumri,1988-11-23,2020-11-27,2021-09-14,8230.04,Ani,Harutyunyan,Sales Associate,Yerevan Center,AirPods Pro,Audio,Apple,249.00,190.00
1169,2024-05-04,19:27:39,in_store,completed,cash,1,1100.00,0,1100.00,,,Artur,Baghdasaryan,artur.baghdasaryan@gmail.com,Yerevan,1987-09-27,2019-10-22,2016-12-24,10451.07,Arman,Grigoryan,Sales Associate,Gyumri,MacBook Air 13,Laptops,Apple,1100.00,900.00
1250,2024-07-03,14:26:39,in_store,completed,cash,3,59.00,0,177.00,,4,Artur,Baghdasaryan,artur.baghdasaryan@gmail.com,Yerevan,1987-09-27,2019-10-22,2016-12-24,10451.07,Gor,Mkrtchyan,Senior Sales,Yerevan Center,C920,Webcams,Logitech,59.00,38.00
1380,2024-09-23,17:31:29,in_store,completed,cash,1,89.99,15,76.49,,4,Karen,Khachatryan,karen.khachatryan@gmail.com,Gyumri,1982-01-15,2020-12-15,2012-06-30,7462.79,Nare,Ghazaryan,Sales Associate,Yerevan Mall,MX Keys,Keyboards,Logitech,89.99,55.00
1007,2024-01-08,10:34:37,online,completed,card,1,74.00,0,74.00,2024-01-14,5,Nane,Galstyan,nane.galstyan@gmail.com,Yerevan,1998-11-11,2022-04-27,,2997.50,,,,,Portable SSD T7 1TB,Storage,Samsung,74.00,52.00
1339,2024-08-30,23:48:12,online,completed,card,3,12.90,0,38.70,2024-09-06,5,Armen,Gevorgyan,armen.gevorgyan@gmail.com,Gyumri,1985-12-01,2020-05-13,2015-09-09,9172.79,,,,,HDMI 2.1 Cable 2m,Cables,Generic,12.90,4.00
1388,2024-09-27,13:40:21,in_store,completed,transfer,1,299.00,10,269.10,,3,Suren,Hayrapetyan,suren.hayrapetyan@gmail.com,Yerevan,1980-10-30,2023-02-17,2010-04-01,3526.16,Gor,Mkrtchyan,Senior Sales,Yerevan Center,WH-1000XM5,Audio,Sony,299.00,220.00
1397,2024-09-30,09:17:38,online,completed,card,1,480.00,0,480.00,2024-10-03,5,Armen,Gevorgyan,armen.gevorgyan@gmail.com,Gyumri,1985-12-01,2020-05-13,2015-09-09,9172.79,,,,,Galaxy Tab S9,Tablets,Samsung,480.00,380.00
1092,2024-03-12,09:32:32,online,completed,transfer,2,39.99,15,67.98,2024-03-13,4,Armen,Gevorgyan,armen.gevorgyan@gmail.com,Gyumri,1985-12-01,2020-05-13,2015-09-09,9172.79,,,,,K380,Keyboards,Logitech,39.99,22.00
1375,2024-09-20,20:31:27,online,completed,card,3,45.00,5,128.25,2024-09-22,,Vahan,Torosyan,vahan.torosyan@yahoo.com,Yerevan,1989-08-08,2023-11-03,2018-10-10,8575.72,,,,,USB-C Hub 7-in-1,Accessories,Anker,45.00,25.00
1282,2024-07-27,13:28:01,in_store,completed,card,1,1250.00,0,1250.00,,,Vahan,Torosyan,vahan.torosyan@yahoo.com,Yerevan,1989-08-08,2023-11-03,2018-10-10,8575.72,Lilit,Hovhannisyan,Sales Associate,Yerevan Mall,ThinkPad X1 Carbon,Laptops,Lenovo,1250.00,980.00
1094,2024-03-12,16:27:07,online,cancelled,card,1,39.99,10,35.99,,,Davit,Petrosyan,davit.petrosyan@mail.ru,Gyumri,1988-11-23,2020-11-27,2021-09-14,8230.04,,,,,K380,Keyboards,Logitech,39.99,22.00
1555,2024-12-16,15:35:21,in_store,completed,cash,1,9.90,0,9.90,,5,Artur,Baghdasaryan,artur.baghdasaryan@gmail.com,Yerevan,1987-09-27,2019-10-22,2016-12-24,10451.07,Gor,Mkrtchyan,Senior Sales,Yerevan Center,USB-C Cable 1m,Cables,Anker,9.90,3.00
1066,2024-02-23,14:46:00,online,completed,card,3,129.00,5,367.65,2024-02-28,,Karen,Khachatryan,karen.khachatryan@gmail.com,Gyumri,1982-01-15,2020-12-15,2012-06-30,7462.79,,,,,Flip 6,Audio,JBL,129.00,85.00
1215,2024-05-31,12:24:42,in_store,completed,cash,2,14.50,10,26.10,,4,Suren,Hayrapetyan,suren.hayrapetyan@gmail.com,Yerevan,1980-10-30,2023-02-17,2010-04-01,3526.16,Lilit,Hovhannisyan,Sales Associate,Yerevan Mall,USB Flash 128GB,Storage,SanDisk,14.50,8.00
1124,2024-04-02,12:45:06,in_store,completed,card,1,699.00,0,699.00,,5,Karen,Khachatryan,karen.khachatryan@gmail.com,Gyumri,1982-01-15,2020-12-15,2012-06-30,7462.79,Hayk,Melikyan,Senior Sales,Yerevan Mall,Galaxy S24,Phones,Samsung,699.00,540.00
1451,2024-11-06,16:40:14,in_store,completed,card,1,79.00,0,79.00,,,Aram,Vardanyan,aram.vardanyan@gmail.com,Yerevan,1997-12-09,2020-07-08,2024-01-30,13544.72,Ani,Harutyunyan,Sales Associate,Yerevan Center,Soundcore Q30,Audio,Anker,79.00,48.00
1252,2024-07-03,21:05:27,online,completed,card,1,620.00,0,620.00,2024-07-06,4,Hasmik,Zakaryan,hasmik.zakaryan@mail.ru,Yerevan,1991-02-14,2021-01-04,2021-06-19,5710.74,,,,,Aspire 5,Laptops,Acer,620.00,500.00
1491,2024-11-18,16:57:58,online,completed,card,2,14.50,0,29.00,2024-11-19,,Gevorg,Kocharyan,gevorg.kocharyan@gmail.com,Vanadzor,1986-03-17,2022-12-26,2017-05-27,6999.68,,,,,USB Flash 128GB,Storage,SanDisk,14.50,8.00
1041,2024-02-02,11:49:20,in_store,completed,card,1,699.00,10,629.10,,,Anna,Sargsyan,anna.sargsyan@gmail.com,Yerevan,1991-04-12,2021-04-24,2022-06-01,5988.47,Hayk,Melikyan,Senior Sales,Yerevan Mall,Galaxy S24,Phones,Samsung,699.00,540.00
1547,2024-12-12,18:31:55,in_store,completed,card,2,19.00,0,38.00,,,Davit,Petrosyan,davit.petrosyan@mail.ru,Gyumri,1988-11-23,2020-11-27,2021-09-14,8230.04,Ani,Harutyunyan,Sales Associate,Yerevan Center,Lightning Cable,Cables,Apple,19.00,8.00
1108,2024-03-23,17:20:01,in_store,completed,card,2,14.50,0,29.00,,4,Ruben,Asatryan,ruben.asatryan@gmail.com,Yerevan,1975-03-03,2021-09-04,2005-08-20,5885.18,Arman,Grigoryan,Sales Associate,Gyumri,USB Flash 128GB,Storage,SanDisk,14.50,8.00
1542,2024-12-11,21:45:12,online,completed,card,2,1100.00,15,1870.00,2024-12-12,,Aram,Vardanyan,aram.vardanyan@gmail.com,Yerevan,1997-12-09,2020-07-08,2024-01-30,13544.72,,,,,MacBook Air 13,Laptops,Apple,1100.00,900.00
1073,2024-02-29,05:16:10,online,completed,card,1,249.00,0,249.00,2024-03-03,,Aram,Vardanyan,aram.vardanyan@gmail.com,Yerevan,1997-12-09,2020-07-08,2024-01-30,13544.72,,,,,Redmi Note 13,Phones,Xiaomi,249.00,190.00
1445,2024-11-05,01:46:56,online,completed,card,3,89.99,0,269.97,2024-11-10,4,Anna,Sargsyan,anna.sargsyan@gmail.com,Yerevan,1991-04-12,2021-04-24,2022-06-01,5988.47,,,,,MX Keys,Keyboards,Logitech,89.99,55.00
1012,2024-01-13,18:13:09,in_store,cancelled,card,1,249.00,0,249.00,,,Artur,Baghdasaryan,artur.baghdasaryan@gmail.com,Yerevan,1987-09-27,2019-10-22,2016-12-24,10451.07,Gor,Mkrtchyan,Senior Sales,Yerevan Center,Redmi Note 13,Phones,Xiaomi,249.00,190.00
1580,2024-12-24,15:00:15,online,completed,card,1,149.00,0,149.00,2024-12-29,,Aram,Vardanyan,aram.vardanyan@gmail.com,Yerevan,1997-12-09,2020-07-08,2024-01-30,13544.72,,,,,LaserJet M110,Printers,HP,149.00,105.00
1428,2024-10-26,13:17:00,in_store,completed,card,2,9.90,5,18.81,,,Ani,Stepanyan,ani.stepanyan@gmail.com,Yerevan,1997-01-09,2020-03-03,2023-11-11,1937.31,Lilit,Hovhannisyan,Sales Associate,Yerevan Mall,USB-C Cable 1m,Cables,Anker,9.90,3.00
1101,2024-03-20,13:46:46,in_store,cancelled,cash,1,74.00,20,59.20,,,Davit,Petrosyan,davit.petrosyan@mail.ru,Gyumri,1988-11-23,2020-11-27,2021-09-14,8230.04,Arman,Grigoryan,Sales Associate,Gyumri,Portable SSD T7 1TB,Storage,Samsung,74.00,52.00
1389,2024-09-27,15:33:20,in_store,completed,card,1,74.00,0,74.00,,,Mariam,Hakobyan,mariam.hakobyan@gmail.com,Yerevan,1995-02-07,2023-04-10,2023-03-20,3685.98,Vahe,Sahakyan,Store Manager,Yerevan Center,Portable SSD T7 1TB,Storage,Samsung,74.00,52.00
1192,2024-05-21,11:37:10,in_store,completed,cash,3,45.00,0,135.00,,3,Anna,Sargsyan,anna.sargsyan@gmail.com,Yerevan,1991-04-12,2021-04-24,2022-06-01,5988.47,Gor,Mkrtchyan,Senior Sales,Yerevan Center,USB-C Hub 7-in-1,Accessories,Anker,45.00,25.00
1203,2024-05-27,07:24:58,online,completed,transfer,1,12.90,0,12.90,2024-06-01,,Narek,Manukyan,narek.manukyan@outlook.com,Gyumri,1992-09-03,2022-08-04,2022-02-28,6146.85,,,,,HDMI 2.1 Cable 2m,Cables,Generic,12.90,4.00
1288,2024-07-30,22:12:03,online,completed,card,1,449.00,0,449.00,2024-08-06,3,Sona,Karapetyan,sona.karapetyan@gmail.com,Yerevan,1986-05-25,2021-06-26,2021-04-17,5530.54,,,,,iPad 10th gen,Tablets,Apple,449.00,360.00
1197,2024-05-24,14:05:39,online,completed,card,3,14.50,0,43.50,2024-05-25,5,Karen,Khachatryan,karen.khachatryan@gmail.com,Gyumri,1982-01-15,2020-12-15,2012-06-30,7462.79,,,,,USB Flash 128GB,Storage,SanDisk,14.50,8.00
1003,2024-01-02,18:02:50,in_store,completed,cash,3,249.00,0,747.00,,,Narek,Manukyan,narek.manukyan@outlook.com,Gyumri,1992-09-03,2022-08-04,2022-02-28,6146.85,Lilit,Hovhannisyan,Sales Associate,Yerevan Mall,AirPods Pro,Audio,Apple,249.00,190.00
1483,2024-11-14,20:41:49,online,completed,card,1,14.99,5,14.24,2024-11-17,,Armen,Gevorgyan,armen.gevorgyan@gmail.com,Gyumri,1985-12-01,2020-05-13,2015-09-09,9172.79,,,,,M185,Accessories,Logitech,14.99,7.00
1321,2024-08-16,19:01:32,in_store,completed,cash,1,129.00,0,129.00,,5,Gevorg,Kocharyan,gevorg.kocharyan@gmail.com,Vanadzor,1986-03-17,2022-12-26,2017-05-27,6999.68,Marine,Avagyan,Senior Sales,Gyumri,Flip 6,Audio,JBL,129.00,85.00
1560,2024-12-18,11:25:15,in_store,completed,card,3,74.00,5,210.90,,5,Davit,Petrosyan,davit.petrosyan@mail.ru,Gyumri,1988-11-23,2020-11-27,2021-09-14,8230.04,Marine,Avagyan,Senior Sales,Gyumri,Portable SSD T7 1TB,Storage,Samsung,74.00,52.00
1180,2024-05-11,16:17:48,in_store,completed,cash,3,59.00,5,168.15,,,Tigran,Grigoryan,tigran.grigoryan@gmail.com,Gyumri,1983-07-30,2020-12-25,2020-11-05,5291.36,Hayk,Melikyan,Senior Sales,Yerevan Mall,C920,Webcams,Logitech,59.00,38.00
1005,2024-01-04,21:08:01,online,completed,card,2,14.50,0,29.00,2024-01-06,2,Hasmik,Zakaryan,hasmik.zakaryan@mail.ru,Yerevan,1991-02-14,2021-01-04,2021-06-19,5710.74,,,,,USB Flash 128GB,Storage,SanDisk,14.50,8.00
1177,2024-05-10,13:24:09,in_store,completed,card,1,620.00,5,589.00,,,Ruben,Asatryan,ruben.asatryan@gmail.com,Yerevan,1975-03-03,2021-09-04,2005-08-20,5885.18,Ani,Harutyunyan,Sales Associate,Yerevan Center,Aspire 5,Laptops,Acer,620.00,500.00
1503,2024-11-23,13:30:57,in_store,completed,cash,2,12.90,0,25.80,,5,Meline,Poghosyan,meline.poghosyan@outlook.com,Yerevan,1992-05-05,2019-02-08,,1145.20,Ani,Harutyunyan,Sales Associate,Yerevan Center,HDMI 2.1 Cable 2m,Cables,Generic,12.90,4.00
1137,2024-04-12,21:27:25,online,completed,card,2,9.90,0,19.80,2024-04-15,5,Vahan,Torosyan,vahan.torosyan@yahoo.com,Yerevan,1989-08-08,2023-11-03,2018-10-10,8575.72,,,,,USB-C Cable 1m,Cables,Anker,9.90,3.00
1132,2024-04-05,15:52:58,in_store,returned,card,1,1250.00,0,1250.00,,,Gevorg,Kocharyan,gevorg.kocharyan@gmail.com,Vanadzor,1986-03-17,2022-12-26,2017-05-27,6999.68,Hayk,Melikyan,Senior Sales,Yerevan Mall,ThinkPad X1 Carbon,Laptops,Lenovo,1250.00,980.00
1096,2024-03-14,21:16:52,online,returned,card,1,320.00,0,320.00,2024-03-20,,Gevorg,Kocharyan,gevorg.kocharyan@gmail.com,Vanadzor,1986-03-17,2022-12-26,2017-05-27,6999.68,,,,,UltraSharp 27,Monitors,Dell,320.00,240.00
1568,2024-12-20,04:54:26,online,completed,card,2,320.00,0,640.00,2024-12-25,3,Mariam,Hakobyan,mariam.hakobyan@gmail.com,Yerevan,1995-02-07,2023-04-10,2023-03-20,3685.98,,,,,UltraSharp 27,Monitors,Dell,320.00,240.00
1277,2024-07-25,11:50:40,in_store,completed,cash,1,149.00,0,149.00,,,Aram,Vardanyan,aram.vardanyan@gmail.com,Yerevan,1997-12-09,2020-07-08,2024-01-30,13544.72,Hayk,Melikyan,Senior Sales,Yerevan Mall,LaserJet M110,Printers,HP,149.00,105.00
1582,2024-12-25,15:48:52,in_store,completed,card,1,349.00,10,314.10,,5,Karen,Khachatryan,karen.khachatryan@gmail.com,Gyumri,1982-01-15,2020-12-15,2012-06-30,7462.79,Hayk,Melikyan,Senior Sales,Yerevan Mall,Odyssey G5 32,Monitors,Samsung,349.00,260.00
1292,2024-08-02,12:56:08,in_store,completed,card,1,45.00,0,45.00,,,Anna,Sargsyan,anna.sargsyan@gmail.com,Yerevan,1991-04-12,2021-04-24,2022-06-01,5988.47,Ani,Harutyunyan,Sales Associate,Yerevan Center,USB-C Hub 7-in-1,Accessories,Anker,45.00,25.00
1148,2024-04-19,12:01:16,in_store,completed,cash,1,19.00,0,19.00,,,Lilit,Hovhannisyan,lilit.hovhannisyan@mail.ru,Abovyan,1990-06-14,2023-02-11,2019-05-05,8978.29,Vahe,Sahakyan,Store Manager,Yerevan Center,Lightning Cable,Cables,Apple,19.00,8.00
1572,2024-12-20,18:16:00,online,completed,card,2,59.00,5,112.10,2024-12-21,,Davit,Petrosyan,davit.petrosyan@mail.ru,Gyumri,1988-11-23,2020-11-27,2021-09-14,8230.04,,,,,C920,Webcams,Logitech,59.00,38.00
1088,2024-03-09,15:16:01,online,completed,card,1,89.99,5,85.49,2024-03-16,,Gayane,Mnatsakanyan,gayane.mnatsakanyan@gmail.com,Gyumri,1996-04-22,2022-03-22,,3728.49,,,,,MX Keys,Keyboards,Logitech,89.99,55.00
1536,2024-12-10,14:40:10,in_store,completed,transfer,3,64.00,5,182.40,,,Ruben,Asatryan,ruben.asatryan@gmail.com,Yerevan,1975-03-03,2021-09-04,2005-08-20,5885.18,Hayk,Melikyan,Senior Sales,Yerevan Mall,Expansion HDD 2TB,Storage,Seagate,64.00,45.00
1592,2024-12-27,19:56:59,in_store,completed,card,1,59.00,0,59.00,,,Gevorg,Kocharyan,gevorg.kocharyan@gmail.com,Vanadzor,1986-03-17,2022-12-26,2017-05-27,6999.68,Hayk,Melikyan,Senior Sales,Yerevan Mall,C920,Webcams,Logitech,59.00,38.00
1022,2024-01-19,12:08:26,in_store,completed,cash,1,19.00,0,19.00,,5,Artur,Baghdasaryan,artur.baghdasaryan@gmail.com,Yerevan,1987-09-27,2019-10-22,2016-12-24,10451.07,Hayk,Melikyan,Senior Sales,Yerevan Mall,Lightning Cable,Cables,Apple,19.00,8.00
1027,2024-01-22,15:27:30,in_store,completed,card,1,14.99,0,14.99,,5,Armen,Gevorgyan,armen.gevorgyan@gmail.com,Gyumri,1985-12-01,2020-05-13,2015-09-09,9172.79,Lilit,Hovhannisyan,Sales Associate,Yerevan Mall,M185,Accessories,Logitech,14.99,7.00
1050,2024-02-10,15:13:06,in_store,completed,card,1,449.00,5,426.55,,,Karen,Khachatryan,karen.khachatryan@gmail.com,Gyumri,1982-01-15,2020-12-15,2012-06-30,7462.79,Ani,Harutyunyan,Sales Associate,Yerevan Center,iPad 10th gen,Tablets,Apple,449.00,360.00
1368,2024-09-16,18:41:33,in_store,completed,card,3,45.00,10,121.50,,,Lilit,Hovhannisyan,lilit.hovhannisyan@mail.ru,Abovyan,1990-06-14,2023-02-11,2019-05-05,8978.29,Nare,Ghazaryan,Sales Associate,Yerevan Mall,USB-C Hub 7-in-1,Accessories,Anker,45.00,25.00
1481,2024-11-14,20:06:46,online,completed,card,2,12.90,0,25.80,2024-11-18,,Sona,Karapetyan,sona.karapetyan@gmail.com,Yerevan,1986-05-25,2021-06-26,2021-04-17,5530.54,,,,,HDMI 2.1 Cable 2m,Cables,Generic,12.90,4.00
1184,2024-05-17,19:48:23,online,completed,card,1,599.00,0,599.00,2024-05-24,,Samvel,Nazaryan,samvel.nazaryan@gmail.com,Gyumri,1979-12-12,2023-11-20,2006-03-15,3463.20,,,,,Pixel 8,Phones,Google,599.00,470.00
1531,2024-12-07,19:10:10,in_store,completed,card,1,9.90,0,9.90,,,Anna,Sargsyan,anna.sargsyan@gmail.com,Yerevan,1991-04-12,2021-04-24,2022-06-01,5988.47,Arman,Grigoryan,Sales Associate,Gyumri,USB-C Cable 1m,Cables,Anker,9.90,3.00
1194,2024-05-21,21:28:48,online,completed,transfer,1,74.00,0,74.00,2024-05-24,,Tigran,Grigoryan,tigran.grigoryan@gmail.com,Gyumri,1983-07-30,2020-12-25,2020-11-05,5291.36,,,,,Portable SSD T7 1TB,Storage,Samsung,74.00,52.00
1597,2024-12-28,16:46:17,in_store,completed,cash,1,320.00,5,304.00,,,Lilit,Hovhannisyan,lilit.hovhannisyan@mail.ru,Abovyan,1990-06-14,2023-02-11,2019-05-05,8978.29,Ani,Harutyunyan,Sales Associate,Yerevan Center,UltraSharp 27,Monitors,Dell,320.00,240.00
1067,2024-02-26,11:54:53,in_store,completed,cash,1,89.99,0,89.99,,5,Lilit,Hovhannisyan,lilit.hovhannisyan@mail.ru,Abovyan,1990-06-14,2023-02-11,2019-05-05,8978.29,Gor,Mkrtchyan,Senior Sales,Yerevan Center,MX Keys,Keyboards,Logitech,89.99,55.00
1448,2024-11-05,18:02:45,in_store,cancelled,card,1,449.00,5,426.55,,,Hayk,Melikyan,hayk.melikyan@mail.ru,Vanadzor,1993-03-30,2021-09-11,,1815.59,Lilit,Hovhannisyan,Sales Associate,Yerevan Mall,iPad 10th gen,Tablets,Apple,449.00,360.00
1076,2024-03-02,17:34:30,in_store,completed,cash,2,12.90,5,24.51,,4,Karen,Khachatryan,karen.khachatryan@gmail.com,Gyumri,1982-01-15,2020-12-15,2012-06-30,7462.79,Gor,Mkrtchyan,Senior Sales,Yerevan Center,HDMI 2.1 Cable 2m,Cables,Generic,12.90,4.00
1494,2024-11-19,17:21:24,in_store,completed,card,1,129.00,0,129.00,,,Tatev,Martirosyan,tatev.martirosyan@yahoo.com,Yerevan,1994-07-19,2020-09-28,2020-02-14,4005.10,Gor,Mkrtchyan,Senior Sales,Yerevan Center,Flip 6,Audio,JBL,129.00,85.00
1513,2024-11-29,13:03:24,in_store,completed,card,1,64.00,15,54.40,,,Davit,Petrosyan,davit.petrosyan@mail.ru,Gyumri,1988-11-23,2020-11-27,2021-09-14,8230.04,Hayk,Melikyan,Senior Sales,Yerevan Mall,Expansion HDD 2TB,Storage,Seagate,64.00,45.00
1384,2024-09-25,15:21:47,online,completed,card,3,25.50,0,76.50,2024-09-27,4,Nane,Galstyan,nane.galstyan@gmail.com,Yerevan,1998-11-11,2022-04-27,,2997.50,,,,,Laptop Sleeve 14,Accessories,Generic,25.50,10.00
1340,2024-08-31,11:51:24,in_store,completed,cash,2,149.00,0,298.00,,4,Armen,Gevorgyan,armen.gevorgyan@gmail.com,Gyumri,1985-12-01,2020-05-13,2015-09-09,9172.79,Ani,Harutyunyan,Sales Associate,Yerevan Center,LaserJet M110,Printers,HP,149.00,105.00
1425,2024-10-23,15:47:50,in_store,completed,card,3,79.00,0,237.00,,2,Narek,Manukyan,narek.manukyan@outlook.com,Gyumri,1992-09-03,2022-08-04,2022-02-28,6146.85,Ani,Harutyunyan,Sales Associate,Yerevan Center,Soundcore Q30,Audio,Anker,79.00,48.00
1057,2024-02-15,20:53:38,online,completed,card,1,320.00,5,304.00,2024-02-20,5,Hayk,Melikyan,hayk.melikyan@mail.ru,Vanadzor,1993-03-30,2021-09-11,,1815.59,,,,,UltraSharp 27,Monitors,Dell,320.00,240.00
1098,2024-03-15,18:46:18,in_store,completed,cash,1,280.00,0,280.00,,,Gayane,Mnatsakanyan,gayane.mnatsakanyan@gmail.com,Gyumri,1996-04-22,2022-03-22,,3728.49,Vahe,Sahakyan,Store Manager,Yerevan Center,ProArt 24,Monitors,ASUS,280.00,210.00
1075,2024-03-01,17:33:16,in_store,completed,cash,1,129.00,10,116.10,,,Karen,Khachatryan,karen.khachatryan@gmail.com,Gyumri,1982-01-15,2020-12-15,2012-06-30,7462.79,Vahe,Sahakyan,Store Manager,Yerevan Center,Flip 6,Audio,JBL,129.00,85.00
1038,2024-01-31,13:31:46,online,completed,card,1,210.00,0,210.00,2024-02-06,5,Aram,Vardanyan,aram.vardanyan@gmail.com,Yerevan,1997-12-09,2020-07-08,2024-01-30,13544.72,,,,,PIXMA TS3450,Printers,Canon,210.00,150.00
1077,2024-03-02,19:10:35,online,completed,card,2,39.99,0,79.98,2024-03-03,4,Mariam,Hakobyan,mariam.hakobyan@gmail.com,Yerevan,1995-02-07,2023-04-10,2023-03-20,3685.98,,,,,K380,Keyboards,Logitech,39.99,22.00
1198,2024-05-24,16:35:45,in_store,completed,card,1,14.50,0,14.50,,,Tigran,Grigoryan,tigran.grigoryan@gmail.com,Gyumri,1983-07-30,2020-12-25,2020-11-05,5291.36,Nare,Ghazaryan,Sales Associate,Yerevan Mall,USB Flash 128GB,Storage,SanDisk,14.50,8.00
1153,2024-04-23,14:22:43,in_store,returned,card,1,79.00,15,67.15,,,Davit,Petrosyan,davit.petrosyan@mail.ru,Gyumri,1988-11-23,2020-11-27,2021-09-14,8230.04,Ani,Harutyunyan,Sales Associate,Yerevan Center,Soundcore Q30,Audio,Anker,79.00,48.00
1462,2024-11-08,17:57:17,in_store,completed,card,2,25.50,0,51.00,,,Aram,Vardanyan,aram.vardanyan@gmail.com,Yerevan,1997-12-09,2020-07-08,2024-01-30,13544.72,Nare,Ghazaryan,Sales Associate,Yerevan Mall,Laptop Sleeve 14,Accessories,Generic,25.50,10.00
1301,2024-08-07,07:41:16,online,completed,card,2,64.00,0,128.00,2024-08-09,,Ruben,Asatryan,ruben.asatryan@gmail.com,Yerevan,1975-03-03,2021-09-04,2005-08-20,5885.18,,,,,Expansion HDD 2TB,Storage,Seagate,64.00,45.00
1477,2024-11-14,13:42:22,online,completed,card,3,59.00,0,177.00,2024-11-16,4,Davit,Petrosyan,davit.petrosyan@mail.ru,Gyumri,1988-11-23,2020-11-27,2021-09-14,8230.04,,,,,C920,Webcams,Logitech,59.00,38.00
1444,2024-11-04,20:58:50,online,completed,card,1,1250.00,0,1250.00,2024-11-08,4,Lilit,Hovhannisyan,lilit.hovhannisyan@mail.ru,Abovyan,1990-06-14,2023-02-11,2019-05-05,8978.29,,,,,ThinkPad X1 Carbon,Laptops,Lenovo,1250.00,980.00
1327,2024-08-21,15:52:12,in_store,completed,cash,2,249.00,0,498.00,,4,Hasmik,Zakaryan,hasmik.zakaryan@mail.ru,Yerevan,1991-02-14,2021-01-04,2021-06-19,5710.74,Gor,Mkrtchyan,Senior Sales,Yerevan Center,Redmi Note 13,Phones,Xiaomi,249.00,190.00
1236,2024-06-18,13:50:13,in_store,completed,card,1,59.00,5,56.05,,4,Aram,Vardanyan,aram.vardanyan@gmail.com,Yerevan,1997-12-09,2020-07-08,2024-01-30,13544.72,Hayk,Melikyan,Senior Sales,Yerevan Mall,C920,Webcams,Logitech,59.00,38.00
1571,2024-12-20,17:54:17,online,completed,card,1,210.00,10,189.00,2024-12-23,2,Karen,Khachatryan,karen.khachatryan@gmail.com,Gyumri,1982-01-15,2020-12-15,2012-06-30,7462.79,,,,,PIXMA TS3450,Printers,Canon,210.00,150.00
1336,2024-08-29,14:37:49,in_store,completed,cash,2,25.50,0,51.00,,,Vahan,Torosyan,vahan.torosyan@yahoo.com,Yerevan,1989-08-08,2023-11-03,2018-10-10,8575.72,Gor,Mkrtchyan,Senior Sales,Yerevan Center,Laptop Sleeve 14,Accessories,Generic,25.50,10.00
1473,2024-11-13,16:30:56,in_store,completed,cash,1,149.00,0,149.00,,4,Karen,Khachatryan,karen.khachatryan@gmail.com,Gyumri,1982-01-15,2020-12-15,2012-06-30,7462.79,Gor,Mkrtchyan,Senior Sales,Yerevan Center,LaserJet M110,Printers,HP,149.00,105.00
1564,2024-12-19,10:37:18,online,completed,card,2,89.99,0,179.98,2024-12-20,4,Artur,Baghdasaryan,artur.baghdasaryan@gmail.com,Yerevan,1987-09-27,2019-10-22,2016-12-24,10451.07,,,,,MX Keys,Keyboards,Logitech,89.99,55.00
1468,2024-11-12,16:10:28,in_store,completed,cash,1,119.00,10,107.10,,4,Gevorg,Kocharyan,gevorg.kocharyan@gmail.com,Vanadzor,1986-03-17,2022-12-26,2017-05-27,6999.68,Hayk,Melikyan,Senior Sales,Yerevan Mall,Huntsman Mini,Keyboards,Razer,119.00,75.00
1156,2024-04-25,08:17:09,online,completed,card,1,890.00,5,845.50,2024-04-28,5,Artur,Baghdasaryan,artur.baghdasaryan@gmail.com,Yerevan,1987-09-27,2019-10-22,2016-12-24,10451.07,,,,,ZenBook 14,Laptops,ASUS,890.00,720.00
1036,2024-01-30,19:00:54,online,completed,card,2,89.99,10,161.98,2024-01-31,5,Anna,Sargsyan,anna.sargsyan@gmail.com,Yerevan,1991-04-12,2021-04-24,2022-06-01,5988.47,,,,,MX Keys,Keyboards,Logitech,89.99,55.00
1229,2024-06-12,19:13:37,in_store,completed,cash,1,890.00,0,890.00,,,Karen,Khachatryan,karen.khachatryan@gmail.com,Gyumri,1982-01-15,2020-12-15,2012-06-30,7462.79,Ani,Harutyunyan,Sales Associate,Yerevan Center,ZenBook 14,Laptops,ASUS,890.00,720.00
1554,2024-12-16,15:33:25,in_store,completed,cash,1,74.00,15,62.90,,,Davit,Petrosyan,davit.petrosyan@mail.ru,Gyumri,1988-11-23,2020-11-27,2021-09-14,8230.04,Arman,Grigoryan,Sales Associate,Gyumri,Portable SSD T7 1TB,Storage,Samsung,74.00,52.00
1068,2024-02-27,10:54:00,in_store,completed,cash,3,89.00,0,267.00,,,Gevorg,Kocharyan,gevorg.kocharyan@gmail.com,Vanadzor,1986-03-17,2022-12-26,2017-05-27,6999.68,Ani,Harutyunyan,Sales Associate,Yerevan Center,Archer AX55 Router,Networking,TP-Link,89.00,60.00
1021,2024-01-18,23:51:23,online,completed,transfer,1,449.00,15,381.65,2024-01-23,,Ani,Stepanyan,ani.stepanyan@gmail.com,Yerevan,1997-01-09,2020-03-03,2023-11-11,1937.31,,,,,iPad 10th gen,Tablets,Apple,449.00,360.00
1138,2024-04-15,12:05:52,in_store,completed,card,1,39.99,0,39.99,,3,Armen,Gevorgyan,armen.gevorgyan@gmail.com,Gyumri,1985-12-01,2020-05-13,2015-09-09,9172.79,Gor,Mkrtchyan,Senior Sales,Yerevan Center,K380,Keyboards,Logitech,39.99,22.00
1018,2024-01-17,09:09:39,online,completed,card,1,9.90,0,9.90,2024-01-18,3,Anna,Sargsyan,anna.sargsyan@gmail.com,Yerevan,1991-04-12,2021-04-24,2022-06-01,5988.47,,,,,USB-C Cable 1m,Cables,Anker,9.90,3.00
1213,2024-05-30,16:24:01,in_store,completed,cash,2,119.00,0,238.00,,5,Sona,Karapetyan,sona.karapetyan@gmail.com,Yerevan,1986-05-25,2021-06-26,2021-04-17,5530.54,Nare,Ghazaryan,Sales Associate,Yerevan Mall,Huntsman Mini,Keyboards,Razer,119.00,75.00
1320,2024-08-16,15:05:43,online,completed,card,1,14.99,0,14.99,2024-08-20,,Davit,Petrosyan,davit.petrosyan@mail.ru,Gyumri,1988-11-23,2020-11-27,2021-09-14,8230.04,,,,,M185,Accessories,Logitech,14.99,7.00
1553,2024-12-16,14:42:51,in_store,completed,card,3,14.50,0,43.50,,4,Karen,Khachatryan,karen.khachatryan@gmail.com,Gyumri,1982-01-15,2020-12-15,2012-06-30,7462.79,Gor,Mkrtchyan,Senior Sales,Yerevan Center,USB Flash 128GB,Storage,SanDisk,14.50,8.00
1146,2024-04-18,12:54:34,in_store,completed,card,1,620.00,5,589.00,,5,Aram,Vardanyan,aram.vardanyan@gmail.com,Yerevan,1997-12-09,2020-07-08,2024-01-30,13544.72,Nare,Ghazaryan,Sales Associate,Yerevan Mall,Aspire 5,Laptops,Acer,620.00,500.00
1341,2024-08-31,16:11:14,in_store,completed,cash,1,14.99,0,14.99,,,Davit,Petrosyan,davit.petrosyan@mail.ru,Gyumri,1988-11-23,2020-11-27,2021-09-14,8230.04,Gor,Mkrtchyan,Senior Sales,Yerevan Center,M185,Accessories,Logitech,14.99,7.00
1577,2024-12-23,10:26:50,in_store,completed,cash,3,59.00,0,177.00,,4,Lusine,Avetisyan,lusine.avetisyan@outlook.com,Abovyan,1999-01-18,2020-09-07,2023-08-11,2588.50,Ani,Harutyunyan,Sales Associate,Yerevan Center,C920,Webcams,Logitech,59.00,38.00
1538,2024-12-10,17:49:22,in_store,completed,cash,1,890.00,0,890.00,,2,Nane,Galstyan,nane.galstyan@gmail.com,Yerevan,1998-11-11,2022-04-27,,2997.50,Hayk,Melikyan,Senior Sales,Yerevan Mall,ZenBook 14,Laptops,ASUS,890.00,720.00
1209,2024-05-29,06:18:02,online,completed,transfer,1,249.00,0,249.00,2024-06-02,,Karen,Khachatryan,karen.khachatryan@gmail.com,Gyumri,1982-01-15,2020-12-15,2012-06-30,7462.79,,,,,Redmi Note 13,Phones,Xiaomi,249.00,190.00
1062,2024-02-19,18:10:52,in_store,completed,card,2,14.50,0,29.00,,4,Tigran,Grigoryan,tigran.grigoryan@gmail.com,Gyumri,1983-07-30,2020-12-25,2020-11-05,5291.36,Hayk,Melikyan,Senior Sales,Yerevan Mall,USB Flash 128GB,Storage,SanDisk,14.50,8.00
1411,2024-10-10,17:23:46,in_store,completed,card,3,14.50,5,41.33,,3,Vahan,Torosyan,vahan.torosyan@yahoo.com,Yerevan,1989-08-08,2023-11-03,2018-10-10,8575.72,Ani,Harutyunyan,Sales Associate,Yerevan Center,USB Flash 128GB,Storage,SanDisk,14.50,8.00
1009,2024-01-08,19:46:56,in_store,returned,card,1,149.00,20,119.20,,,Tigran,Grigoryan,tigran.grigoryan@gmail.com,Gyumri,1983-07-30,2020-12-25,2020-11-05,5291.36,Gor,Mkrtchyan,Senior Sales,Yerevan Center,LaserJet M110,Printers,HP,149.00,105.00
1139,2024-04-15,19:36:18,online,completed,card,2,890.00,5,1691.00,2024-04-18,,Tatev,Martirosyan,tatev.martirosyan@yahoo.com,Yerevan,1994-07-19,2020-09-28,2020-02-14,4005.10,,,,,ZenBook 14,Laptops,ASUS,890.00,720.00
1034,2024-01-27,19:45:56,online,completed,card,1,89.00,0,89.00,2024-01-31,5,Vahan,Torosyan,vahan.torosyan@yahoo.com,Yerevan,1989-08-08,2023-11-03,2018-10-10,8575.72,,,,,Archer AX55 Router,Networking,TP-Link,89.00,60.00
1430,2024-10-26,16:01:33,in_store,completed,transfer,2,89.00,0,178.00,,,Sona,Karapetyan,sona.karapetyan@gmail.com,Yerevan,1986-05-25,2021-06-26,2021-04-17,5530.54,Marine,Avagyan,Senior Sales,Gyumri,Archer AX55 Router,Networking,TP-Link,89.00,60.00
1289,2024-07-31,16:48:33,in_store,cancelled,card,2,64.00,0,128.00,,,Artur,Baghdasaryan,artur.baghdasaryan@gmail.com,Yerevan,1987-09-27,2019-10-22,2016-12-24,10451.07,Gor,Mkrtchyan,Senior Sales,Yerevan Center,Expansion HDD 2TB,Storage,Seagate,64.00,45.00
1149,2024-04-20,11:58:48,online,completed,card,1,74.00,0,74.00,2024-04-27,5,Tigran,Grigoryan,tigran.grigoryan@gmail.com,Gyumri,1983-07-30,2020-12-25,2020-11-05,5291.36,,,,,Portable SSD T7 1TB,Storage,Samsung,74.00,52.00
1033,2024-01-27,15:11:13,online,completed,card,1,25.50,0,25.50,2024-01-28,,Aram,Vardanyan,aram.vardanyan@gmail.com,Yerevan,1997-12-09,2020-07-08,2024-01-30,13544.72,,,,,Laptop Sleeve 14,Accessories,Generic,25.50,10.00
1455,2024-11-07,11:15:04,in_store,completed,card,2,9.90,10,17.82,,5,Armen,Gevorgyan,armen.gevorgyan@gmail.com,Gyumri,1985-12-01,2020-05-13,2015-09-09,9172.79,Vahe,Sahakyan,Store Manager,Yerevan Center,USB-C Cable 1m,Cables,Anker,9.90,3.00
1167,2024-05-03,19:51:35,in_store,returned,cash,3,25.50,0,76.50,,,Davit,Petrosyan,davit.petrosyan@mail.ru,Gyumri,1988-11-23,2020-11-27,2021-09-14,8230.04,Nare,Ghazaryan,Sales Associate,Yerevan Mall,Laptop Sleeve 14,Accessories,Generic,25.50,10.00
1421,2024-10-21,11:05:57,in_store,completed,cash,1,1100.00,20,880.00,,4,Tigran,Grigoryan,tigran.grigoryan@gmail.com,Gyumri,1983-07-30,2020-12-25,2020-11-05,5291.36,Lilit,Hovhannisyan,Sales Associate,Yerevan Mall,MacBook Air 13,Laptops,Apple,1100.00,900.00
1048,2024-02-09,16:34:35,in_store,completed,card,3,249.00,0,747.00,,1,Hasmik,Zakaryan,hasmik.zakaryan@mail.ru,Yerevan,1991-02-14,2021-01-04,2021-06-19,5710.74,Gor,Mkrtchyan,Senior Sales,Yerevan Center,AirPods Pro,Audio,Apple,249.00,190.00
1548,2024-12-13,14:50:25,in_store,returned,card,1,55.00,0,55.00,,,Karen,Khachatryan,karen.khachatryan@gmail.com,Gyumri,1982-01-15,2020-12-15,2012-06-30,7462.79,Marine,Avagyan,Senior Sales,Gyumri,Powerline Kit,Networking,TP-Link,55.00,35.00
1237,2024-06-18,19:12:28,online,returned,card,1,320.00,0,320.00,2024-06-25,,Karen,Khachatryan,karen.khachatryan@gmail.com,Gyumri,1982-01-15,2020-12-15,2012-06-30,7462.79,,,,,UltraSharp 27,Monitors,Dell,320.00,240.00
1575,2024-12-21,13:47:32,in_store,completed,card,2,249.00,0,498.00,,,Mher,Sargsyan,mher.sargsyan@gmail.com,Yerevan,1983-04-04,2020-03-12,2013-10-18,2167.56,Hayk,Melikyan,Senior Sales,Yerevan Mall,AirPods Pro,Audio,Apple,249.00,190.00
1511,2024-11-29,04:12:23,online,completed,card,1,74.00,0,74.00,2024-12-01,5,Anna,Sargsyan,anna.sargsyan@gmail.com,Yerevan,1991-04-12,2021-04-24,2022-06-01,5988.47,,,,,Portable SSD T7 1TB,Storage,Samsung,74.00,52.00
1001,2024-01-01,14:07:38,in_store,completed,card,1,249.00,15,211.65,,,Davit,Petrosyan,davit.petrosyan@mail.ru,Gyumri,1988-11-23,2020-11-27,2021-09-14,8230.04,Ani,Harutyunyan,Sales Associate,Yerevan Center,AirPods Pro,Audio,Apple,249.00,190.00
1193,2024-05-21,17:53:15,in_store,completed,card,3,299.00,5,852.15,,,Karen,Khachatryan,karen.khachatryan@gmail.com,Gyumri,1982-01-15,2020-12-15,2012-06-30,7462.79,Nare,Ghazaryan,Sales Associate,Yerevan Mall,WH-1000XM5,Audio,Sony,299.00,220.00
1544,2024-12-12,11:24:01,in_store,completed,card,3,14.99,0,44.97,,5,Mher,Sargsyan,mher.sargsyan@gmail.com,Yerevan,1983-04-04,2020-03-12,2013-10-18,2167.56,Hayk,Melikyan,Senior Sales,Yerevan Mall,M185,Accessories,Logitech,14.99,7.00
1480,2024-11-14,18:10:19,in_store,completed,cash,1,480.00,0,480.00,,4,Tigran,Grigoryan,tigran.grigoryan@gmail.com,Gyumri,1983-07-30,2020-12-25,2020-11-05,5291.36,Gor,Mkrtchyan,Senior Sales,Yerevan Center,Galaxy Tab S9,Tablets,Samsung,480.00,380.00
1032,2024-01-27,15:00:40,in_store,cancelled,card,1,449.00,20,359.20,,,Anna,Sargsyan,anna.sargsyan@gmail.com,Yerevan,1991-04-12,2021-04-24,2022-06-01,5988.47,Ani,Harutyunyan,Sales Associate,Yerevan Center,iPad 10th gen,Tablets,Apple,449.00,360.00
1419,2024-10-17,16:08:38,in_store,completed,card,1,59.00,0,59.00,,5,Hayk,Melikyan,hayk.melikyan@mail.ru,Vanadzor,1993-03-30,2021-09-11,,1815.59,Ani,Harutyunyan,Sales Associate,Yerevan Center,C920,Webcams,Logitech,59.00,38.00
1324,2024-08-17,19:35:21,in_store,completed,card,1,149.00,15,126.65,,2,Arpine,Simonyan,arpine.simonyan@yahoo.com,Yerevan,2000-02-29,2022-12-08,,2478.95,Vahe,Sahakyan,Store Manager,Yerevan Center,LaserJet M110,Printers,HP,149.00,105.00
1505,2024-11-25,13:05:12,in_store,cancelled,cash,3,9.90,15,25.25,,,Ani,Stepanyan,ani.stepanyan@gmail.com,Yerevan,1997-01-09,2020-03-03,2023-11-11,1937.31,Gor,Mkrtchyan,Senior Sales,Yerevan Center,USB-C Cable 1m,Cables,Anker,9.90,3.00
1521,2024-12-05,15:17:09,in_store,completed,transfer,1,320.00,0,320.00,,4,Mariam,Hakobyan,mariam.hakobyan@gmail.com,Yerevan,1995-02-07,2023-04-10,2023-03-20,3685.98,Gor,Mkrtchyan,Senior Sales,Yerevan Center,UltraSharp 27,Monitors,Dell,320.00,240.00
1140,2024-04-16,16:15:49,in_store,completed,card,1,480.00,0,480.00,,1,Tigran,Grigoryan,tigran.grigoryan@gmail.com,Gyumri,1983-07-30,2020-12-25,2020-11-05,5291.36,Gor,Mkrtchyan,Senior Sales,Yerevan Center,Galaxy Tab S9,Tablets,Samsung,480.00,380.00
1357,2024-09-11,13:15:34,online,completed,card,1,890.00,0,890.00,2024-09-12,3,Aram,Vardanyan,aram.vardanyan@gmail.com,Yerevan,1997-12-09,2020-07-08,2024-01-30,13544.72,,,,,ZenBook 14,Laptops,ASUS,890.00,720.00
1175,2024-05-08,16:06:40,in_store,completed,card,1,320.00,0,320.00,,,Tigran,Grigoryan,tigran.grigoryan@gmail.com,Gyumri,1983-07-30,2020-12-25,2020-11-05,5291.36,Nare,Ghazaryan,Sales Associate,Yerevan Mall,UltraSharp 27,Monitors,Dell,320.00,240.00
1446,2024-11-05,10:44:24,in_store,completed,transfer,2,12.90,0,25.80,,5,Aram,Vardanyan,aram.vardanyan@gmail.com,Yerevan,1997-12-09,2020-07-08,2024-01-30,13544.72,Nare,Ghazaryan,Sales Associate,Yerevan Mall,HDMI 2.1 Cable 2m,Cables,Generic,12.90,4.00
1372,2024-09-19,13:39:40,in_store,completed,card,1,14.50,0,14.50,,4,Davit,Petrosyan,davit.petrosyan@mail.ru,Gyumri,1988-11-23,2020-11-27,2021-09-14,8230.04,Ani,Harutyunyan,Sales Associate,Yerevan Center,USB Flash 128GB,Storage,SanDisk,14.50,8.00
1325,2024-08-19,10:41:15,in_store,returned,cash,1,9.90,15,8.42,,,Armen,Gevorgyan,armen.gevorgyan@gmail.com,Gyumri,1985-12-01,2020-05-13,2015-09-09,9172.79,Vahe,Sahakyan,Store Manager,Yerevan Center,USB-C Cable 1m,Cables,Anker,9.90,3.00
1099,2024-03-16,15:08:16,in_store,completed,card,1,25.50,0,25.50,,3,Artur,Baghdasaryan,artur.baghdasaryan@gmail.com,Yerevan,1987-09-27,2019-10-22,2016-12-24,10451.07,Arman,Grigoryan,Sales Associate,Gyumri,Laptop Sleeve 14,Accessories,Generic,25.50,10.00
1251,2024-07-03,17:53:33,online,completed,card,2,249.00,5,473.10,2024-07-04,,Davit,Petrosyan,davit.petrosyan@mail.ru,Gyumri,1988-11-23,2020-11-27,2021-09-14,8230.04,,,,,AirPods Pro,Audio,Apple,249.00,190.00
1039,2024-01-31,14:39:48,in_store,completed,card,1,89.00,5,84.55,,,Davit,Petrosyan,davit.petrosyan@mail.ru,Gyumri,1988-11-23,2020-11-27,2021-09-14,8230.04,Gor,Mkrtchyan,Senior Sales,Yerevan Center,Archer AX55 Router,Networking,TP-Link,89.00,60.00
1173,2024-05-07,13:28:23,in_store,completed,cash,1,19.00,0,19.00,,3,Meline,Poghosyan,meline.poghosyan@outlook.com,Yerevan,1992-05-05,2019-02-08,,1145.20,Marine,Avagyan,Senior Sales,Gyumri,Lightning Cable,Cables,Apple,19.00,8.00
1159,2024-04-27,15:47:40,online,completed,card,2,55.00,0,110.00,2024-05-03,4,Gevorg,Kocharyan,gevorg.kocharyan@gmail.com,Vanadzor,1986-03-17,2022-12-26,2017-05-27,6999.68,,,,,Powerline Kit,Networking,TP-Link,55.00,35.00
1463,2024-11-08,19:14:07,in_store,completed,card,1,119.00,5,113.05,,,Tatev,Martirosyan,tatev.martirosyan@yahoo.com,Yerevan,1994-07-19,2020-09-28,2020-02-14,4005.10,Ani,Harutyunyan,Sales Associate,Yerevan Center,Huntsman Mini,Keyboards,Razer,119.00,75.00
1218,2024-05-31,19:57:29,in_store,completed,cash,2,45.00,0,90.00,,,Ruben,Asatryan,ruben.asatryan@gmail.com,Yerevan,1975-03-03,2021-09-04,2005-08-20,5885.18,Vahe,Sahakyan,Store Manager,Yerevan Center,USB-C Hub 7-in-1,Accessories,Anker,45.00,25.00
1183,2024-05-15,16:40:34,in_store,cancelled,cash,1,449.00,0,449.00,,,Davit,Petrosyan,davit.petrosyan@mail.ru,Gyumri,1988-11-23,2020-11-27,2021-09-14,8230.04,Ani,Harutyunyan,Sales Associate,Yerevan Center,iPad 10th gen,Tablets,Apple,449.00,360.00
1259,2024-07-10,14:13:19,in_store,completed,cash,3,74.00,0,222.00,,4,Davit,Petrosyan,davit.petrosyan@mail.ru,Gyumri,1988-11-23,2020-11-27,2021-09-14,8230.04,Gor,Mkrtchyan,Senior Sales,Yerevan Center,Portable SSD T7 1TB,Storage,Samsung,74.00,52.00
1361,2024-09-13,08:27:47,online,completed,card,1,14.99,0,14.99,2024-09-16,5,Tatev,Martirosyan,tatev.martirosyan@yahoo.com,Yerevan,1994-07-19,2020-09-28,2020-02-14,4005.10,,,,,M185,Accessories,Logitech,14.99,7.00
1447,2024-11-05,12:02:18,in_store,completed,card,1,299.00,0,299.00,,3,Mariam,Hakobyan,mariam.hakobyan@gmail.com,Yerevan,1995-02-07,2023-04-10,2023-03-20,3685.98,Ani,Harutyunyan,Sales Associate,Yerevan Center,WH-1000XM5,Audio,Sony,299.00,220.00
1364,2024-09-14,14:42:05,in_store,completed,cash,2,64.00,10,115.20,,,Aram,Vardanyan,aram.vardanyan@gmail.com,Yerevan,1997-12-09,2020-07-08,2024-01-30,13544.72,Hayk,Melikyan,Senior Sales,Yerevan Mall,Expansion HDD 2TB,Storage,Seagate,64.00,45.00
1043,2024-02-05,09:28:38,online,completed,card,1,59.00,0,59.00,2024-02-06,5,Armen,Gevorgyan,armen.gevorgyan@gmail.com,Gyumri,1985-12-01,2020-05-13,2015-09-09,9172.79,,,,,C920,Webcams,Logitech,59.00,38.00
1113,2024-03-27,17:47:55,in_store,completed,cash,1,59.00,0,59.00,,5,Tigran,Grigoryan,tigran.grigoryan@gmail.com,Gyumri,1983-07-30,2020-12-25,2020-11-05,5291.36,Hayk,Melikyan,Senior Sales,Yerevan Mall,C920,Webcams,Logitech,59.00,38.00
1490,2024-11-18,16:46:44,in_store,completed,card,1,55.00,0,55.00,,4,Ruben,Asatryan,ruben.asatryan@gmail.com,Yerevan,1975-03-03,2021-09-04,2005-08-20,5885.18,Marine,Avagyan,Senior Sales,Gyumri,Powerline Kit,Networking,TP-Link,55.00,35.00
1459,2024-11-08,11:15:41,in_store,completed,cash,1,349.00,10,314.10,,,Gevorg,Kocharyan,gevorg.kocharyan@gmail.com,Vanadzor,1986-03-17,2022-12-26,2017-05-27,6999.68,Ani,Harutyunyan,Sales Associate,Yerevan Center,Odyssey G5 32,Monitors,Samsung,349.00,260.00
1131,2024-04-04,17:02:49,in_store,completed,cash,2,249.00,0,498.00,,4,Aram,Vardanyan,aram.vardanyan@gmail.com,Yerevan,1997-12-09,2020-07-08,2024-01-30,13544.72,Gor,Mkrtchyan,Senior Sales,Yerevan Center,AirPods Pro,Audio,Apple,249.00,190.00
1136,2024-04-12,15:25:57,in_store,completed,card,2,9.90,0,19.80,,,Nane,Galstyan,nane.galstyan@gmail.com,Yerevan,1998-11-11,2022-04-27,,2997.50,Arman,Grigoryan,Sales Associate,Gyumri,USB-C Cable 1m,Cables,Anker,9.90,3.00
1165,2024-05-03,16:37:30,in_store,completed,cash,1,349.00,0,349.00,,,Diana,Aleksanyan,diana.aleksanyan@mail.ru,Yerevan,1999-09-09,2020-08-06,,2327.00,Ani,Harutyunyan,Sales Associate,Yerevan Center,Odyssey G5 32,Monitors,Samsung,349.00,260.00
1574,2024-12-21,13:20:42,in_store,cancelled,card,3,89.99,0,269.97,,,Hayk,Melikyan,hayk.melikyan@mail.ru,Vanadzor,1993-03-30,2021-09-11,,1815.59,Lilit,Hovhannisyan,Sales Associate,Yerevan Mall,MX Keys,Keyboards,Logitech,89.99,55.00
1424,2024-10-22,19:57:52,online,returned,card,1,12.90,0,12.90,2024-10-28,,Sona,Karapetyan,sona.karapetyan@gmail.com,Yerevan,1986-05-25,2021-06-26,2021-04-17,5530.54,,,,,HDMI 2.1 Cable 2m,Cables,Generic,12.90,4.00
1122,2024-04-01,14:30:54,online,completed,card,3,249.00,5,709.65,2024-04-07,4,Ruben,Asatryan,ruben.asatryan@gmail.com,Yerevan,1975-03-03,2021-09-04,2005-08-20,5885.18,,,,,AirPods Pro,Audio,Apple,249.00,190.00
1509,2024-11-28,17:45:09,in_store,cancelled,cash,3,79.00,0,237.00,,,Artur,Baghdasaryan,artur.baghdasaryan@gmail.com,Yerevan,1987-09-27,2019-10-22,2016-12-24,10451.07,Nare,Ghazaryan,Sales Associate,Yerevan Mall,Soundcore Q30,Audio,Anker,79.00,48.00
1207,2024-05-28,17:58:04,in_store,completed,card,1,19.00,0,19.00,,4,Vahan,Torosyan,vahan.torosyan@yahoo.com,Yerevan,1989-08-08,2023-11-03,2018-10-10,8575.72,Nare,Ghazaryan,Sales Associate,Yerevan Mall,Lightning Cable,Cables,Apple,19.00,8.00
1584,2024-12-25,21:25:36,online,completed,card,1,620.00,0,620.00,2024-12-28,,Armen,Gevorgyan,armen.gevorgyan@gmail.com,Gyumri,1985-12-01,2020-05-13,2015-09-09,9172.79,,,,,Aspire 5,Laptops,Acer,620.00,500.00
1559,2024-12-17,19:11:18,online,completed,card,1,1250.00,0,1250.00,2024-12-19,5,Gevorg,Kocharyan,gevorg.kocharyan@gmail.com,Vanadzor,1986-03-17,2022-12-26,2017-05-27,6999.68,,,,,ThinkPad X1 Carbon,Laptops,Lenovo,1250.00,980.00
1382,2024-09-24,12:55:55,in_store,completed,cash,1,12.90,15,10.97,,,Armen,Gevorgyan,armen.gevorgyan@gmail.com,Gyumri,1985-12-01,2020-05-13,2015-09-09,9172.79,Vahe,Sahakyan,Store Manager,Yerevan Center,HDMI 2.1 Cable 2m,Cables,Generic,12.90,4.00
1370,2024-09-18,16:12:26,in_store,completed,card,1,25.50,15,21.68,,,Lilit,Hovhannisyan,lilit.hovhannisyan@mail.ru,Abovyan,1990-06-14,2023-02-11,2019-05-05,8978.29,Ani,Harutyunyan,Sales Associate,Yerevan Center,Laptop Sleeve 14,Accessories,Generic,25.50,10.00
1305,2024-08-09,17:08:17,online,completed,card,1,620.00,0,620.00,2024-08-14,,Armen,Gevorgyan,armen.gevorgyan@gmail.com,Gyumri,1985-12-01,2020-05-13,2015-09-09,9172.79,,,,,Aspire 5,Laptops,Acer,620.00,500.00
1579,2024-12-23,14:47:59,in_store,completed,card,1,449.00,0,449.00,,4,Sona,Karapetyan,sona.karapetyan@gmail.com,Yerevan,1986-05-25,2021-06-26,2021-04-17,5530.54,Arman,Grigoryan,Sales Associate,Gyumri,iPad 10th gen,Tablets,Apple,449.00,360.00
1060,2024-02-17,09:53:45,online,completed,card,1,119.00,0,119.00,2024-02-24,5,Nane,Galstyan,nane.galstyan@gmail.com,Yerevan,1998-11-11,2022-04-27,,2997.50,,,,,Huntsman Mini,Keyboards,Razer,119.00,75.00
1086,2024-03-08,13:14:41,in_store,completed,cash,1,320.00,10,288.00,,5,Suren,Hayrapetyan,suren.hayrapetyan@gmail.com,Yerevan,1980-10-30,2023-02-17,2010-04-01,3526.16,Nare,Ghazaryan,Sales Associate,Yerevan Mall,UltraSharp 27,Monitors,Dell,320.00,240.00
1304,2024-08-08,21:52:22,online,completed,card,1,599.00,0,599.00,2024-08-10,4,Gevorg,Kocharyan,gevorg.kocharyan@gmail.com,Vanadzor,1986-03-17,2022-12-26,2017-05-27,6999.68,,,,,Pixel 8,Phones,Google,599.00,470.00
1525,2024-12-06,15:48:50,in_store,completed,card,3,119.00,0,357.00,,5,Vahan,Torosyan,vahan.torosyan@yahoo.com,Yerevan,1989-08-08,2023-11-03,2018-10-10,8575.72,Hayk,Melikyan,Senior Sales,Yerevan Mall,Huntsman Mini,Keyboards,Razer,119.00,75.00
1387,2024-09-26,19:07:24,in_store,completed,transfer,2,89.99,5,170.98,,4,Suren,Hayrapetyan,suren.hayrapetyan@gmail.com,Yerevan,1980-10-30,2023-02-17,2010-04-01,3526.16,Vahe,Sahakyan,Store Manager,Yerevan Center,MX Keys,Keyboards,Logitech,89.99,55.00
1449,2024-11-05,19:02:54,in_store,completed,card,2,9.90,0,19.80,,,Karen,Khachatryan,karen.khachatryan@gmail.com,Gyumri,1982-01-15,2020-12-15,2012-06-30,7462.79,Gor,Mkrtchyan,Senior Sales,Yerevan Center,USB-C Cable 1m,Cables,Anker,9.90,3.00
1315,2024-08-14,14:31:34,in_store,completed,cash,3,59.00,0,177.00,,,Hasmik,Zakaryan,hasmik.zakaryan@mail.ru,Yerevan,1991-02-14,2021-01-04,2021-06-19,5710.74,Hayk,Melikyan,Senior Sales,Yerevan Mall,C920,Webcams,Logitech,59.00,38.00
1170,2024-05-06,10:55:33,in_store,completed,transfer,1,14.50,0,14.50,,5,Anna,Sargsyan,anna.sargsyan@gmail.com,Yerevan,1991-04-12,2021-04-24,2022-06-01,5988.47,Vahe,Sahakyan,Store Manager,Yerevan Center,USB Flash 128GB,Storage,SanDisk,14.50,8.00
1502,2024-11-22,18:34:21,in_store,completed,cash,1,480.00,0,480.00,,5,Armen,Gevorgyan,armen.gevorgyan@gmail.com,Gyumri,1985-12-01,2020-05-13,2015-09-09,9172.79,Gor,Mkrtchyan,Senior Sales,Yerevan Center,Galaxy Tab S9,Tablets,Samsung,480.00,380.00
1028,2024-01-22,16:49:41,online,completed,card,3,25.50,0,76.50,2024-01-25,5,Armen,Gevorgyan,armen.gevorgyan@gmail.com,Gyumri,1985-12-01,2020-05-13,2015-09-09,9172.79,,,,,Laptop Sleeve 14,Accessories,Generic,25.50,10.00
1329,2024-08-23,14:46:49,in_store,completed,cash,1,320.00,0,320.00,,5,Davit,Petrosyan,davit.petrosyan@mail.ru,Gyumri,1988-11-23,2020-11-27,2021-09-14,8230.04,Gor,Mkrtchyan,Senior Sales,Yerevan Center,UltraSharp 27,Monitors,Dell,320.00,240.00
1238,2024-06-19,11:28:57,in_store,completed,card,1,299.00,0,299.00,,,Anna,Sargsyan,anna.sargsyan78@mail.ru,Yerevan,1978-10-02,2022-06-05,,2100.34,Hayk,Melikyan,Senior Sales,Yerevan Mall,WH-1000XM5,Audio,Sony,299.00,220.00
1328,2024-08-22,17:44:43,in_store,completed,card,2,129.00,15,219.30,,,Armen,Gevorgyan,armen.gevorgyan@gmail.com,Gyumri,1985-12-01,2020-05-13,2015-09-09,9172.79,Ani,Harutyunyan,Sales Associate,Yerevan Center,Flip 6,Audio,JBL,129.00,85.00
1443,2024-11-04,10:27:28,online,completed,card,1,280.00,10,252.00,2024-11-05,,Arpine,Simonyan,arpine.simonyan@yahoo.com,Yerevan,2000-02-29,2022-12-08,,2478.95,,,,,ProArt 24,Monitors,ASUS,280.00,210.00
1527,2024-12-06,18:20:37,in_store,completed,cash,1,1250.00,20,1000.00,,5,Davit,Petrosyan,davit.petrosyan@mail.ru,Gyumri,1988-11-23,2020-11-27,2021-09-14,8230.04,Gor,Mkrtchyan,Senior Sales,Yerevan Center,ThinkPad X1 Carbon,Laptops,Lenovo,1250.00,980.00
1393,2024-09-28,14:38:47,in_store,returned,cash,1,890.00,15,756.50,,,Hayk,Melikyan,hayk.melikyan@mail.ru,Vanadzor,1993-03-30,2021-09-11,,1815.59,Hayk,Melikyan,Senior Sales,Yerevan Mall,ZenBook 14,Laptops,ASUS,890.00,720.00
1286,2024-07-30,13:57:40,in_store,cancelled,card,2,19.00,0,38.00,,,Tigran,Grigoryan,tigran.grigoryan@gmail.com,Gyumri,1983-07-30,2020-12-25,2020-11-05,5291.36,Ani,Harutyunyan,Sales Associate,Yerevan Center,Lightning Cable,Cables,Apple,19.00,8.00
1080,2024-03-06,10:33:15,in_store,returned,card,1,480.00,0,480.00,,,Arpine,Simonyan,arpine.simonyan@yahoo.com,Yerevan,2000-02-29,2022-12-08,,2478.95,Gor,Mkrtchyan,Senior Sales,Yerevan Center,Galaxy Tab S9,Tablets,Samsung,480.00,380.00
1196,2024-05-23,15:32:23,online,completed,transfer,1,449.00,0,449.00,2024-05-24,,Anna,Sargsyan,anna.sargsyan78@mail.ru,Yerevan,1978-10-02,2022-06-05,,2100.34,,,,,iPad 10th gen,Tablets,Apple,449.00,360.00
1158,2024-04-26,14:19:51,online,completed,card,2,1250.00,0,2500.00,2024-05-01,5,Aram,Vardanyan,aram.vardanyan@gmail.com,Yerevan,1997-12-09,2020-07-08,2024-01-30,13544.72,,,,,ThinkPad X1 Carbon,Laptops,Lenovo,1250.00,980.00
1374,2024-09-20,18:43:32,online,completed,card,1,699.00,5,664.05,2024-09-25,5,Ani,Stepanyan,ani.stepanyan@gmail.com,Yerevan,1997-01-09,2020-03-03,2023-11-11,1937.31,,,,,Galaxy S24,Phones,Samsung,699.00,540.00
1191,2024-05-20,20:07:41,online,completed,card,2,9.90,0,19.80,2024-05-24,5,Mher,Sargsyan,mher.sargsyan@gmail.com,Yerevan,1983-04-04,2020-03-12,2013-10-18,2167.56,,,,,USB-C Cable 1m,Cables,Anker,9.90,3.00
1202,2024-05-25,17:10:32,online,returned,card,1,299.00,0,299.00,2024-06-01,,Karen,Khachatryan,karen.khachatryan@gmail.com,Gyumri,1982-01-15,2020-12-15,2012-06-30,7462.79,,,,,WH-1000XM5,Audio,Sony,299.00,220.00
1162,2024-05-03,09:15:21,online,completed,card,1,480.00,0,480.00,2024-05-07,4,Gevorg,Kocharyan,gevorg.kocharyan@gmail.com,Vanadzor,1986-03-17,2022-12-26,2017-05-27,6999.68,,,,,Galaxy Tab S9,Tablets,Samsung,480.00,380.00
1249,2024-07-03,13:59:16,online,completed,transfer,1,599.00,0,599.00,2024-07-09,,Aram,Vardanyan,aram.vardanyan@gmail.com,Yerevan,1997-12-09,2020-07-08,2024-01-30,13544.72,,,,,Pixel 8,Phones,Google,599.00,470.00
1354,2024-09-10,13:42:05,in_store,completed,cash,1,64.00,0,64.00,,4,Samvel,Nazaryan,samvel.nazaryan@gmail.com,Gyumri,1979-12-12,2023-11-20,2006-03-15,3463.20,Ani,Harutyunyan,Sales Associate,Yerevan Center,Expansion HDD 2TB,Storage,Seagate,64.00,45.00
1171,2024-05-06,16:24:01,online,completed,card,3,25.50,10,68.85,2024-05-13,5,Anna,Sargsyan,anna.sargsyan@gmail.com,Yerevan,1991-04-12,2021-04-24,2022-06-01,5988.47,,,,,Laptop Sleeve 14,Accessories,Generic,25.50,10.00
1422,2024-10-21,21:50:36,online,completed,card,1,249.00,0,249.00,2024-10-25,5,Armen,Gevorgyan,armen.gevorgyan@gmail.com,Gyumri,1985-12-01,2020-05-13,2015-09-09,9172.79,,,,,AirPods Pro,Audio,Apple,249.00,190.00
1231,2024-06-12,19:44:20,online,completed,transfer,1,299.00,5,284.05,2024-06-16,4,Artur,Baghdasaryan,artur.baghdasaryan@gmail.com,Yerevan,1987-09-27,2019-10-22,2016-12-24,10451.07,,,,,WH-1000XM5,Audio,Sony,299.00,220.00
1410,2024-10-09,16:45:12,in_store,completed,card,1,210.00,0,210.00,,4,Davit,Petrosyan,davit.petrosyan@mail.ru,Gyumri,1988-11-23,2020-11-27,2021-09-14,8230.04,Hayk,Melikyan,Senior Sales,Yerevan Mall,PIXMA TS3450,Printers,Canon,210.00,150.00
1105,2024-03-22,13:15:27,in_store,completed,card,1,74.00,0,74.00,,,Armen,Gevorgyan,armen.gevorgyan@gmail.com,Gyumri,1985-12-01,2020-05-13,2015-09-09,9172.79,Ani,Harutyunyan,Sales Associate,Yerevan Center,Portable SSD T7 1TB,Storage,Samsung,74.00,52.00
1377,2024-09-23,08:10:22,online,completed,card,1,599.00,0,599.00,2024-09-27,4,Lilit,Hovhannisyan,lilit.hovhannisyan@mail.ru,Abovyan,1990-06-14,2023-02-11,2019-05-05,8978.29,,,,,Pixel 8,Phones,Google,599.00,470.00
1441,2024-10-31,20:38:37,online,completed,card,3,25.50,0,76.50,2024-11-02,5,Samvel,Nazaryan,samvel.nazaryan@gmail.com,Gyumri,1979-12-12,2023-11-20,2006-03-15,3463.20,,,,,Laptop Sleeve 14,Accessories,Generic,25.50,10.00
1298,2024-08-06,18:56:03,in_store,completed,cash,1,1100.00,0,1100.00,,4,Lilit,Hovhannisyan,lilit.hovhannisyan@mail.ru,Abovyan,1990-06-14,2023-02-11,2019-05-05,8978.29,Ani,Harutyunyan,Sales Associate,Yerevan Center,MacBook Air 13,Laptops,Apple,1100.00,900.00
1111,2024-03-25,19:06:36,in_store,completed,card,1,64.00,5,60.80,,4,Karen,Khachatryan,karen.khachatryan@gmail.com,Gyumri,1982-01-15,2020-12-15,2012-06-30,7462.79,Nare,Ghazaryan,Sales Associate,Yerevan Mall,Expansion HDD 2TB,Storage,Seagate,64.00,45.00
1223,2024-06-06,14:01:55,in_store,completed,cash,2,74.00,0,148.00,,,Hayk,Melikyan,hayk.melikyan@mail.ru,Vanadzor,1993-03-30,2021-09-11,,1815.59,Marine,Avagyan,Senior Sales,Gyumri,Portable SSD T7 1TB,Storage,Samsung,74.00,52.00
1306,2024-08-10,10:35:24,in_store,completed,cash,1,280.00,10,252.00,,5,Armen,Gevorgyan,armen.gevorgyan@gmail.com,Gyumri,1985-12-01,2020-05-13,2015-09-09,9172.79,Ani,Harutyunyan,Sales Associate,Yerevan Center,ProArt 24,Monitors,ASUS,280.00,210.00
1519,2024-12-05,13:37:10,in_store,completed,transfer,1,799.00,0,799.00,,5,Gayane,Mnatsakanyan,gayane.mnatsakanyan@gmail.com,Gyumri,1996-04-22,2022-03-22,,3728.49,Hayk,Melikyan,Senior Sales,Yerevan Mall,iPhone 15,Phones,Apple,799.00,650.00
1500,2024-11-21,17:42:12,in_store,completed,cash,2,14.99,0,29.98,,4,Hasmik,Zakaryan,hasmik.zakaryan@mail.ru,Yerevan,1991-02-14,2021-01-04,2021-06-19,5710.74,Hayk,Melikyan,Senior Sales,Yerevan Mall,M185,Accessories,Logitech,14.99,7.00
1539,2024-12-11,12:45:06,in_store,completed,cash,1,99.00,0,99.00,,5,Aram,Vardanyan,aram.vardanyan@gmail.com,Yerevan,1997-12-09,2020-07-08,2024-01-30,13544.72,Vahe,Sahakyan,Store Manager,Yerevan Center,MX Master 3S,Accessories,Logitech,99.00,60.00
1529,2024-12-07,16:43:59,in_store,completed,cash,1,320.00,0,320.00,,5,Anna,Sargsyan,anna.sargsyan@gmail.com,Yerevan,1991-04-12,2021-04-24,2022-06-01,5988.47,Hayk,Melikyan,Senior Sales,Yerevan Mall,UltraSharp 27,Monitors,Dell,320.00,240.00
1093,2024-03-12,12:21:46,in_store,returned,cash,1,1100.00,0,1100.00,,,Narek,Manukyan,narek.manukyan@outlook.com,Gyumri,1992-09-03,2022-08-04,2022-02-28,6146.85,Lilit,Hovhannisyan,Sales Associate,Yerevan Mall,MacBook Air 13,Laptops,Apple,1100.00,900.00
1064,2024-02-21,19:52:37,online,completed,card,2,89.99,15,152.98,2024-02-24,5,Lilit,Hovhannisyan,lilit.hovhannisyan@mail.ru,Abovyan,1990-06-14,2023-02-11,2019-05-05,8978.29,,,,,MX Keys,Keyboards,Logitech,89.99,55.00
1107,2024-03-23,14:12:23,in_store,completed,cash,1,99.00,0,99.00,,4,Hasmik,Zakaryan,hasmik.zakaryan@mail.ru,Yerevan,1991-02-14,2021-01-04,2021-06-19,5710.74,Nare,Ghazaryan,Sales Associate,Yerevan Mall,MX Master 3S,Accessories,Logitech,99.00,60.00
1185,2024-05-17,19:52:43,online,completed,card,2,59.00,0,118.00,2024-05-19,,Narek,Manukyan,narek.manukyan@outlook.com,Gyumri,1992-09-03,2022-08-04,2022-02-28,6146.85,,,,,C920,Webcams,Logitech,59.00,38.00
1010,2024-01-12,12:45:06,in_store,completed,cash,1,449.00,0,449.00,,,Lilit,Hovhannisyan,lilit.hovhannisyan@mail.ru,Abovyan,1990-06-14,2023-02-11,2019-05-05,8978.29,Lilit,Hovhannisyan,Sales Associate,Yerevan Mall,iPad 10th gen,Tablets,Apple,449.00,360.00
1450,2024-11-06,13:21:13,in_store,completed,card,3,64.00,0,192.00,,4,Ruben,Asatryan,ruben.asatryan@gmail.com,Yerevan,1975-03-03,2021-09-04,2005-08-20,5885.18,Gor,Mkrtchyan,Senior Sales,Yerevan Center,Expansion HDD 2TB,Storage,Seagate,64.00,45.00
1346,2024-09-04,14:22:15,in_store,cancelled,cash,1,320.00,5,304.00,,,Karen,Khachatryan,karen.khachatryan@gmail.com,Gyumri,1982-01-15,2020-12-15,2012-06-30,7462.79,Nare,Ghazaryan,Sales Associate,Yerevan Mall,UltraSharp 27,Monitors,Dell,320.00,240.00
1172,2024-05-06,23:36:13,online,completed,transfer,3,12.90,0,38.70,2024-05-09,5,Samvel,Nazaryan,samvel.nazaryan@gmail.com,Gyumri,1979-12-12,2023-11-20,2006-03-15,3463.20,,,,,HDMI 2.1 Cable 2m,Cables,Generic,12.90,4.00
1335,2024-08-28,10:44:08,in_store,completed,transfer,1,99.00,0,99.00,,,Sona,Karapetyan,sona.karapetyan@gmail.com,Yerevan,1986-05-25,2021-06-26,2021-04-17,5530.54,Gor,Mkrtchyan,Senior Sales,Yerevan Center,MX Master 3S,Accessories,Logitech,99.00,60.00
1486,2024-11-15,23:09:05,online,completed,card,3,59.00,0,177.00,2024-11-18,4,Narek,Manukyan,narek.manukyan@outlook.com,Gyumri,1992-09-03,2022-08-04,2022-02-28,6146.85,,,,,C920,Webcams,Logitech,59.00,38.00
1587,2024-12-27,13:00:30,in_store,returned,cash,1,12.90,0,12.90,,,Karen,Khachatryan,karen.khachatryan@gmail.com,Gyumri,1982-01-15,2020-12-15,2012-06-30,7462.79,Marine,Avagyan,Senior Sales,Gyumri,HDMI 2.1 Cable 2m,Cables,Generic,12.90,4.00
1242,2024-06-22,18:58:06,in_store,completed,card,1,1100.00,0,1100.00,,5,Tatev,Martirosyan,tatev.martirosyan@yahoo.com,Yerevan,1994-07-19,2020-09-28,2020-02-14,4005.10,Nare,Ghazaryan,Sales Associate,Yerevan Mall,MacBook Air 13,Laptops,Apple,1100.00,900.00
1056,2024-02-15,12:20:03,in_store,completed,cash,3,14.99,15,38.22,,4,Armen,Gevorgyan,armen.gevorgyan@gmail.com,Gyumri,1985-12-01,2020-05-13,2015-09-09,9172.79,Ani,Harutyunyan,Sales Associate,Yerevan Center,M185,Accessories,Logitech,14.99,7.00
1581,2024-12-24,15:25:35,in_store,completed,card,1,620.00,0,620.00,,,Mariam,Hakobyan,mariam.hakobyan@gmail.com,Yerevan,1995-02-07,2023-04-10,2023-03-20,3685.98,Ani,Harutyunyan,Sales Associate,Yerevan Center,Aspire 5,Laptops,Acer,620.00,500.00
1501,2024-11-22,15:14:22,in_store,completed,card,2,64.00,5,121.60,,5,Narek,Manukyan,narek.manukyan@outlook.com,Gyumri,1992-09-03,2022-08-04,2022-02-28,6146.85,Ani,Harutyunyan,Sales Associate,Yerevan Center,Expansion HDD 2TB,Storage,Seagate,64.00,45.00
1024,2024-01-19,14:24:06,online,returned,card,1,620.00,0,620.00,2024-01-26,,Diana,Aleksanyan,diana.aleksanyan@mail.ru,Yerevan,1999-09-09,2020-08-06,,2327.00,,,,,Aspire 5,Laptops,Acer,620.00,500.00
1496,2024-11-19,19:34:02,in_store,returned,transfer,1,9.90,0,9.90,,,Lilit,Hovhannisyan,lilit.hovhannisyan@mail.ru,Abovyan,1990-06-14,2023-02-11,2019-05-05,8978.29,Gor,Mkrtchyan,Senior Sales,Yerevan Center,USB-C Cable 1m,Cables,Anker,9.90,3.00
1297,2024-08-06,11:02:02,in_store,completed,cash,1,480.00,15,408.00,,5,Karen,Khachatryan,karen.khachatryan@gmail.com,Gyumri,1982-01-15,2020-12-15,2012-06-30,7462.79,Ani,Harutyunyan,Sales Associate,Yerevan Center,Galaxy Tab S9,Tablets,Samsung,480.00,380.00
1469,2024-11-12,16:21:14,in_store,completed,card,1,1100.00,15,935.00,,,Sona,Karapetyan,sona.karapetyan@gmail.com,Yerevan,1986-05-25,2021-06-26,2021-04-17,5530.54,Ani,Harutyunyan,Sales Associate,Yerevan Center,MacBook Air 13,Laptops,Apple,1100.00,900.00
1395,2024-09-28,19:35:08,in_store,completed,cash,2,45.00,0,90.00,,4,Artur,Baghdasaryan,artur.baghdasaryan@gmail.com,Yerevan,1987-09-27,2019-10-22,2016-12-24,10451.07,Nare,Ghazaryan,Sales Associate,Yerevan Mall,USB-C Hub 7-in-1,Accessories,Anker,45.00,25.00
1290,2024-08-01,11:12:28,in_store,completed,cash,3,89.00,20,213.60,,5,Ruben,Asatryan,ruben.asatryan@gmail.com,Yerevan,1975-03-03,2021-09-04,2005-08-20,5885.18,Hayk,Melikyan,Senior Sales,Yerevan Mall,Archer AX55 Router,Networking,TP-Link,89.00,60.00
1016,2024-01-16,17:45:03,in_store,completed,cash,1,9.90,0,9.90,,,Lilit,Hovhannisyan,lilit.hovhannisyan@mail.ru,Abovyan,1990-06-14,2023-02-11,2019-05-05,8978.29,Ani,Harutyunyan,Sales Associate,Yerevan Center,USB-C Cable 1m,Cables,Anker,9.90,3.00
1530,2024-12-07,18:04:57,in_store,completed,transfer,3,25.50,0,76.50,,4,Anna,Sargsyan,anna.sargsyan@gmail.com,Yerevan,1991-04-12,2021-04-24,2022-06-01,5988.47,Nare,Ghazaryan,Sales Associate,Yerevan Mall,Laptop Sleeve 14,Accessories,Generic,25.50,10.00
1535,2024-12-09,23:26:24,online,completed,card,1,99.00,0,99.00,2024-12-14,,Artur,Baghdasaryan,artur.baghdasaryan@gmail.com,Yerevan,1987-09-27,2019-10-22,2016-12-24,10451.07,,,,,MX Master 3S,Accessories,Logitech,99.00,60.00
1135,2024-04-11,16:36:56,in_store,completed,card,2,89.99,0,179.98,,,Artur,Baghdasaryan,artur.baghdasaryan@gmail.com,Yerevan,1987-09-27,2019-10-22,2016-12-24,10451.07,Marine,Avagyan,Senior Sales,Gyumri,MX Keys,Keyboards,Logitech,89.99,55.00
1338,2024-08-30,18:52:16,in_store,completed,cash,1,210.00,0,210.00,,,Hasmik,Zakaryan,hasmik.zakaryan@mail.ru,Yerevan,1991-02-14,2021-01-04,2021-06-19,5710.74,Gor,Mkrtchyan,Senior Sales,Yerevan Center,PIXMA TS3450,Printers,Canon,210.00,150.00
1344,2024-09-03,10:48:20,in_store,completed,card,1,449.00,0,449.00,,5,Karen,Khachatryan,karen.khachatryan@gmail.com,Gyumri,1982-01-15,2020-12-15,2012-06-30,7462.79,Nare,Ghazaryan,Sales Associate,Yerevan Mall,iPad 10th gen,Tablets,Apple,449.00,360.00
1472,2024-11-13,11:10:42,in_store,completed,cash,2,14.99,0,29.98,,,Suren,Hayrapetyan,suren.hayrapetyan@gmail.com,Yerevan,1980-10-30,2023-02-17,2010-04-01,3526.16,Nare,Ghazaryan,Sales Associate,Yerevan Mall,M185,Accessories,Logitech,14.99,7.00
1087,2024-03-09,15:15:22,in_store,completed,card,1,449.00,10,404.10,,3,Anna,Sargsyan,anna.sargsyan@gmail.com,Yerevan,1991-04-12,2021-04-24,2022-06-01,5988.47,Ani,Harutyunyan,Sales Associate,Yerevan Center,iPad 10th gen,Tablets,Apple,449.00,360.00
1526,2024-12-06,16:23:28,in_store,completed,card,2,79.00,0,158.00,,2,Meline,Poghosyan,meline.poghosyan@outlook.com,Yerevan,1992-05-05,2019-02-08,,1145.20,Arman,Grigoryan,Sales Associate,Gyumri,Soundcore Q30,Audio,Anker,79.00,48.00
1225,2024-06-08,18:50:24,in_store,completed,cash,1,14.99,0,14.99,,,Anna,Sargsyan,anna.sargsyan78@mail.ru,Yerevan,1978-10-02,2022-06-05,,2100.34,Hayk,Melikyan,Senior Sales,Yerevan Mall,M185,Accessories,Logitech,14.99,7.00
1351,2024-09-07,17:07:48,in_store,completed,cash,3,12.90,0,38.70,,5,Gevorg,Kocharyan,gevorg.kocharyan@gmail.com,Vanadzor,1986-03-17,2022-12-26,2017-05-27,6999.68,Gor,Mkrtchyan,Senior Sales,Yerevan Center,HDMI 2.1 Cable 2m,Cables,Generic,12.90,4.00
1015,2024-01-16,14:50:40,in_store,completed,card,1,119.00,0,119.00,,5,Hasmik,Zakaryan,hasmik.zakaryan@mail.ru,Yerevan,1991-02-14,2021-01-04,2021-06-19,5710.74,Nare,Ghazaryan,Sales Associate,Yerevan Mall,Huntsman Mini,Keyboards,Razer,119.00,75.00
1258,2024-07-08,17:00:26,in_store,completed,cash,1,349.00,0,349.00,,,Armen,Gevorgyan,armen.gevorgyan@gmail.com,Gyumri,1985-12-01,2020-05-13,2015-09-09,9172.79,Vahe,Sahakyan,Store Manager,Yerevan Center,Odyssey G5 32,Monitors,Samsung,349.00,260.00
1590,2024-12-27,15:26:11,in_store,returned,cash,1,699.00,0,699.00,,,Vahan,Torosyan,vahan.torosyan@yahoo.com,Yerevan,1989-08-08,2023-11-03,2018-10-10,8575.72,Hayk,Melikyan,Senior Sales,Yerevan Mall,Galaxy S24,Phones,Samsung,699.00,540.00
1220,2024-06-01,19:02:07,online,completed,card,2,320.00,0,640.00,2024-06-08,5,Armen,Gevorgyan,armen.gevorgyan@gmail.com,Gyumri,1985-12-01,2020-05-13,2015-09-09,9172.79,,,,,UltraSharp 27,Monitors,Dell,320.00,240.00
1232,2024-06-13,11:11:38,in_store,completed,cash,2,9.90,5,18.81,,,Hasmik,Zakaryan,hasmik.zakaryan@mail.ru,Yerevan,1991-02-14,2021-01-04,2021-06-19,5710.74,Lilit,Hovhannisyan,Sales Associate,Yerevan Mall,USB-C Cable 1m,Cables,Anker,9.90,3.00
1497,2024-11-20,10:07:53,in_store,completed,cash,1,89.99,5,85.49,,5,Hasmik,Zakaryan,hasmik.zakaryan@mail.ru,Yerevan,1991-02-14,2021-01-04,2021-06-19,5710.74,Ani,Harutyunyan,Sales Associate,Yerevan Center,MX Keys,Keyboards,Logitech,89.99,55.00
1415,2024-10-14,11:56:48,in_store,returned,card,2,19.00,0,38.00,,,Narek,Manukyan,narek.manukyan@outlook.com,Gyumri,1992-09-03,2022-08-04,2022-02-28,6146.85,Gor,Mkrtchyan,Senior Sales,Yerevan Center,Lightning Cable,Cables,Apple,19.00,8.00
1160,2024-04-30,18:43:06,in_store,completed,card,1,449.00,0,449.00,,5,Vahan,Torosyan,vahan.torosyan@yahoo.com,Yerevan,1989-08-08,2023-11-03,2018-10-10,8575.72,Ani,Harutyunyan,Sales Associate,Yerevan Center,iPad 10th gen,Tablets,Apple,449.00,360.00
1401,2024-10-03,19:49:10,in_store,returned,cash,1,799.00,0,799.00,,,Mariam,Hakobyan,mariam.hakobyan@gmail.com,Yerevan,1995-02-07,2023-04-10,2023-03-20,3685.98,Gor,Mkrtchyan,Senior Sales,Yerevan Center,iPhone 15,Phones,Apple,799.00,650.00
1266,2024-07-16,21:39:54,online,returned,card,1,280.00,0,280.00,2024-07-23,,Vahan,Torosyan,vahan.torosyan@yahoo.com,Yerevan,1989-08-08,2023-11-03,2018-10-10,8575.72,,,,,ProArt 24,Monitors,ASUS,280.00,210.00
1485,2024-11-15,18:50:37,in_store,cancelled,cash,1,12.90,10,11.61,,,Sona,Karapetyan,sona.karapetyan@gmail.com,Yerevan,1986-05-25,2021-06-26,2021-04-17,5530.54,Lilit,Hovhannisyan,Sales Associate,Yerevan Mall,HDMI 2.1 Cable 2m,Cables,Generic,12.90,4.00
1510,2024-11-28,19:22:38,online,completed,card,1,449.00,0,449.00,2024-12-01,5,Anna,Sargsyan,anna.sargsyan@gmail.com,Yerevan,1991-04-12,2021-04-24,2022-06-01,5988.47,,,,,iPad 10th gen,Tablets,Apple,449.00,360.00
1045,2024-02-06,15:56:14,in_store,returned,cash,3,12.90,10,34.83,,,Karen,Khachatryan,karen.khachatryan@gmail.com,Gyumri,1982-01-15,2020-12-15,2012-06-30,7462.79,Gor,Mkrtchyan,Senior Sales,Yerevan Center,HDMI 2.1 Cable 2m,Cables,Generic,12.90,4.00
1436,2024-10-30,10:04:47,in_store,completed,card,1,799.00,0,799.00,,4,Aram,Vardanyan,aram.vardanyan@gmail.com,Yerevan,1997-12-09,2020-07-08,2024-01-30,13544.72,Nare,Ghazaryan,Sales Associate,Yerevan Mall,iPhone 15,Phones,Apple,799.00,650.00
1133,2024-04-08,12:18:04,in_store,completed,card,1,320.00,0,320.00,,4,Tatev,Martirosyan,tatev.martirosyan@yahoo.com,Yerevan,1994-07-19,2020-09-28,2020-02-14,4005.10,Gor,Mkrtchyan,Senior Sales,Yerevan Center,UltraSharp 27,Monitors,Dell,320.00,240.00
1432,2024-10-28,13:27:05,in_store,completed,transfer,2,12.90,0,25.80,,5,Ani,Stepanyan,ani.stepanyan@gmail.com,Yerevan,1997-01-09,2020-03-03,2023-11-11,1937.31,Arman,Grigoryan,Sales Associate,Gyumri,HDMI 2.1 Cable 2m,Cables,Generic,12.90,4.00
1366,2024-09-14,21:56:59,online,completed,card,2,59.00,5,112.10,2024-09-17,5,Karen,Khachatryan,karen.khachatryan@gmail.com,Gyumri,1982-01-15,2020-12-15,2012-06-30,7462.79,,,,,C920,Webcams,Logitech,59.00,38.00
1047,2024-02-08,18:37:21,online,completed,transfer,3,9.90,10,26.73,2024-02-14,4,Ruben,Asatryan,ruben.asatryan@gmail.com,Yerevan,1975-03-03,2021-09-04,2005-08-20,5885.18,,,,,USB-C Cable 1m,Cables,Anker,9.90,3.00
1322,2024-08-17,12:30:33,in_store,completed,card,2,79.00,0,158.00,,5,Tigran,Grigoryan,tigran.grigoryan@gmail.com,Gyumri,1983-07-30,2020-12-25,2020-11-05,5291.36,Hayk,Melikyan,Senior Sales,Yerevan Mall,Soundcore Q30,Audio,Anker,79.00,48.00
1163,2024-05-03,14:16:25,in_store,completed,card,1,9.90,0,9.90,,,Armen,Gevorgyan,armen.gevorgyan@gmail.com,Gyumri,1985-12-01,2020-05-13,2015-09-09,9172.79,Gor,Mkrtchyan,Senior Sales,Yerevan Center,USB-C Cable 1m,Cables,Anker,9.90,3.00
1118,2024-03-29,16:49:19,in_store,completed,card,2,45.00,0,90.00,,,Lilit,Hovhannisyan,lilit.hovhannisyan@mail.ru,Abovyan,1990-06-14,2023-02-11,2019-05-05,8978.29,Arman,Grigoryan,Sales Associate,Gyumri,USB-C Hub 7-in-1,Accessories,Anker,45.00,25.00
1471,2024-11-12,18:05:39,in_store,completed,card,1,12.90,20,10.32,,4,Davit,Petrosyan,davit.petrosyan@mail.ru,Gyumri,1988-11-23,2020-11-27,2021-09-14,8230.04,Arman,Grigoryan,Sales Associate,Gyumri,HDMI 2.1 Cable 2m,Cables,Generic,12.90,4.00
1035,2024-01-29,21:55:44,online,completed,card,2,12.90,0,25.80,2024-01-31,5,Narek,Manukyan,narek.manukyan@outlook.com,Gyumri,1992-09-03,2022-08-04,2022-02-28,6146.85,,,,,HDMI 2.1 Cable 2m,Cables,Generic,12.90,4.00
1240,2024-06-20,17:29:29,in_store,completed,card,2,119.00,0,238.00,,5,Armen,Gevorgyan,armen.gevorgyan@gmail.com,Gyumri,1985-12-01,2020-05-13,2015-09-09,9172.79,Hayk,Melikyan,Senior Sales,Yerevan Mall,Huntsman Mini,Keyboards,Razer,119.00,75.00
1109,2024-03-25,14:35:30,in_store,completed,transfer,1,64.00,10,57.60,,,Hasmik,Zakaryan,hasmik.zakaryan@mail.ru,Yerevan,1991-02-14,2021-01-04,2021-06-19,5710.74,Arman,Grigoryan,Sales Associate,Gyumri,Expansion HDD 2TB,Storage,Seagate,64.00,45.00
1516,2024-12-02,13:56:31,in_store,completed,card,1,1250.00,0,1250.00,,,Mariam,Hakobyan,mariam.hakobyan@gmail.com,Yerevan,1995-02-07,2023-04-10,2023-03-20,3685.98,Nare,Ghazaryan,Sales Associate,Yerevan Mall,ThinkPad X1 Carbon,Laptops,Lenovo,1250.00,980.00
1054,2024-02-14,17:03:59,in_store,completed,card,3,79.00,0,237.00,,,Gevorg,Kocharyan,gevorg.kocharyan@gmail.com,Vanadzor,1986-03-17,2022-12-26,2017-05-27,6999.68,Arman,Grigoryan,Sales Associate,Gyumri,Soundcore Q30,Audio,Anker,79.00,48.00
1082,2024-03-06,12:50:34,in_store,returned,card,1,210.00,0,210.00,,,Arpine,Simonyan,arpine.simonyan@yahoo.com,Yerevan,2000-02-29,2022-12-08,,2478.95,Gor,Mkrtchyan,Senior Sales,Yerevan Center,PIXMA TS3450,Printers,Canon,210.00,150.00
1117,2024-03-29,12:56:46,in_store,completed,card,1,25.50,0,25.50,,1,Vahan,Torosyan,vahan.torosyan@yahoo.com,Yerevan,1989-08-08,2023-11-03,2018-10-10,8575.72,Arman,Grigoryan,Sales Associate,Gyumri,Laptop Sleeve 14,Accessories,Generic,25.50,10.00
1311,2024-08-13,15:35:48,in_store,completed,card,1,74.00,0,74.00,,,Davit,Petrosyan,davit.petrosyan@mail.ru,Gyumri,1988-11-23,2020-11-27,2021-09-14,8230.04,Gor,Mkrtchyan,Senior Sales,Yerevan Center,Portable SSD T7 1TB,Storage,Samsung,74.00,52.00
1279,2024-07-25,19:29:10,online,completed,card,3,12.90,0,38.70,2024-08-01,4,Karen,Khachatryan,karen.khachatryan@gmail.com,Gyumri,1982-01-15,2020-12-15,2012-06-30,7462.79,,,,,HDMI 2.1 Cable 2m,Cables,Generic,12.90,4.00
1478,2024-11-14,16:02:22,in_store,completed,card,1,699.00,5,664.05,,,Anna,Sargsyan,anna.sargsyan@gmail.com,Yerevan,1991-04-12,2021-04-24,2022-06-01,5988.47,Ani,Harutyunyan,Sales Associate,Yerevan Center,Galaxy S24,Phones,Samsung,699.00,540.00
1406,2024-10-05,17:29:58,in_store,completed,cash,1,249.00,0,249.00,,2,Sona,Karapetyan,sona.karapetyan@gmail.com,Yerevan,1986-05-25,2021-06-26,2021-04-17,5530.54,Hayk,Melikyan,Senior Sales,Yerevan Mall,AirPods Pro,Audio,Apple,249.00,190.00
1254,2024-07-05,13:58:03,online,returned,transfer,2,349.00,5,663.10,2024-07-08,,Anna,Sargsyan,anna.sargsyan@gmail.com,Yerevan,1991-04-12,2021-04-24,2022-06-01,5988.47,,,,,Odyssey G5 32,Monitors,Samsung,349.00,260.00
1283,2024-07-29,17:14:15,in_store,returned,card,1,14.50,0,14.50,,,Narek,Manukyan,narek.manukyan@outlook.com,Gyumri,1992-09-03,2022-08-04,2022-02-28,6146.85,Hayk,Melikyan,Senior Sales,Yerevan Mall,USB Flash 128GB,Storage,SanDisk,14.50,8.00
1461,2024-11-08,17:13:39,online,completed,card,3,299.00,0,897.00,2024-11-10,5,Ruben,Asatryan,ruben.asatryan@gmail.com,Yerevan,1975-03-03,2021-09-04,2005-08-20,5885.18,,,,,WH-1000XM5,Audio,Sony,299.00,220.00
1069,2024-02-27,23:40:56,online,returned,card,1,249.00,0,249.00,2024-03-05,,Lusine,Avetisyan,lusine.avetisyan@outlook.com,Abovyan,1999-01-18,2020-09-07,2023-08-11,2588.50,,,,,AirPods Pro,Audio,Apple,249.00,190.00
1369,2024-09-17,17:15:17,in_store,returned,cash,1,119.00,0,119.00,,,Mariam,Hakobyan,mariam.hakobyan@gmail.com,Yerevan,1995-02-07,2023-04-10,2023-03-20,3685.98,Gor,Mkrtchyan,Senior Sales,Yerevan Center,Huntsman Mini,Keyboards,Razer,119.00,75.00
1144,2024-04-17,17:44:52,in_store,completed,cash,3,39.99,0,119.97,,,Armen,Gevorgyan,armen.gevorgyan@gmail.com,Gyumri,1985-12-01,2020-05-13,2015-09-09,9172.79,Vahe,Sahakyan,Store Manager,Yerevan Center,K380,Keyboards,Logitech,39.99,22.00
1585,2024-12-26,10:16:01,in_store,completed,card,3,9.90,0,29.70,,3,Mariam,Hakobyan,mariam.hakobyan@gmail.com,Yerevan,1995-02-07,2023-04-10,2023-03-20,3685.98,Lilit,Hovhannisyan,Sales Associate,Yerevan Mall,USB-C Cable 1m,Cables,Anker,9.90,3.00
1178,2024-05-10,14:39:54,online,completed,transfer,1,799.00,0,799.00,2024-05-17,4,Sona,Karapetyan,sona.karapetyan@gmail.com,Yerevan,1986-05-25,2021-06-26,2021-04-17,5530.54,,,,,iPhone 15,Phones,Apple,799.00,650.00
1518,2024-12-04,07:23:38,online,completed,card,2,45.00,0,90.00,2024-12-08,,Ruben,Asatryan,ruben.asatryan@gmail.com,Yerevan,1975-03-03,2021-09-04,2005-08-20,5885.18,,,,,USB-C Hub 7-in-1,Accessories,Anker,45.00,25.00
1349,2024-09-05,17:50:48,in_store,completed,card,3,14.50,0,43.50,,,Davit,Petrosyan,davit.petrosyan@mail.ru,Gyumri,1988-11-23,2020-11-27,2021-09-14,8230.04,Gor,Mkrtchyan,Senior Sales,Yerevan Center,USB Flash 128GB,Storage,SanDisk,14.50,8.00
1418,2024-10-16,16:33:02,in_store,completed,cash,2,14.50,0,29.00,,,Davit,Petrosyan,davit.petrosyan@mail.ru,Gyumri,1988-11-23,2020-11-27,2021-09-14,8230.04,Marine,Avagyan,Senior Sales,Gyumri,USB Flash 128GB,Storage,SanDisk,14.50,8.00
1378,2024-09-23,12:26:08,in_store,completed,card,1,320.00,0,320.00,,3,Artur,Baghdasaryan,artur.baghdasaryan@gmail.com,Yerevan,1987-09-27,2019-10-22,2016-12-24,10451.07,Ani,Harutyunyan,Sales Associate,Yerevan Center,UltraSharp 27,Monitors,Dell,320.00,240.00
1233,2024-06-14,12:25:28,in_store,completed,cash,1,14.50,0,14.50,,,Armen,Gevorgyan,armen.gevorgyan@gmail.com,Gyumri,1985-12-01,2020-05-13,2015-09-09,9172.79,Hayk,Melikyan,Senior Sales,Yerevan Mall,USB Flash 128GB,Storage,SanDisk,14.50,8.00
1114,2024-03-28,12:47:32,in_store,returned,cash,2,249.00,0,498.00,,,Suren,Hayrapetyan,suren.hayrapetyan@gmail.com,Yerevan,1980-10-30,2023-02-17,2010-04-01,3526.16,Ani,Harutyunyan,Sales Associate,Yerevan Center,AirPods Pro,Audio,Apple,249.00,190.00
1044,2024-02-05,21:52:30,online,completed,card,1,64.00,0,64.00,2024-02-11,3,Tatev,Martirosyan,tatev.martirosyan@yahoo.com,Yerevan,1994-07-19,2020-09-28,2020-02-14,4005.10,,,,,Expansion HDD 2TB,Storage,Seagate,64.00,45.00
1272,2024-07-22,05:44:06,online,completed,card,1,349.00,0,349.00,2024-07-27,,Ani,Stepanyan,ani.stepanyan@gmail.com,Yerevan,1997-01-09,2020-03-03,2023-11-11,1937.31,,,,,Odyssey G5 32,Monitors,Samsung,349.00,260.00
1268,2024-07-17,19:26:02,in_store,completed,transfer,1,25.50,0,25.50,,5,Gevorg,Kocharyan,gevorg.kocharyan@gmail.com,Vanadzor,1986-03-17,2022-12-26,2017-05-27,6999.68,Ani,Harutyunyan,Sales Associate,Yerevan Center,Laptop Sleeve 14,Accessories,Generic,25.50,10.00
1081,2024-03-06,12:14:59,in_store,completed,cash,1,14.50,0,14.50,,4,Tigran,Grigoryan,tigran.grigoryan@gmail.com,Gyumri,1983-07-30,2020-12-25,2020-11-05,5291.36,Nare,Ghazaryan,Sales Associate,Yerevan Mall,USB Flash 128GB,Storage,SanDisk,14.50,8.00
1150,2024-04-20,12:45:21,in_store,completed,cash,1,799.00,0,799.00,,5,Gevorg,Kocharyan,gevorg.kocharyan@gmail.com,Vanadzor,1986-03-17,2022-12-26,2017-05-27,6999.68,Hayk,Melikyan,Senior Sales,Yerevan Mall,iPhone 15,Phones,Apple,799.00,650.00
1332,2024-08-24,16:03:16,in_store,completed,cash,3,119.00,0,357.00,,,Artur,Baghdasaryan,artur.baghdasaryan@gmail.com,Yerevan,1987-09-27,2019-10-22,2016-12-24,10451.07,Vahe,Sahakyan,Store Manager,Yerevan Center,Huntsman Mini,Keyboards,Razer,119.00,75.00
1493,2024-11-19,13:57:21,in_store,completed,card,2,149.00,0,298.00,,4,Lilit,Hovhannisyan,lilit.hovhannisyan@mail.ru,Abovyan,1990-06-14,2023-02-11,2019-05-05,8978.29,Lilit,Hovhannisyan,Sales Associate,Yerevan Mall,Brio 4K,Webcams,Logitech,149.00,100.00
1433,2024-10-28,19:06:54,online,completed,transfer,3,89.99,0,269.97,2024-11-04,,Artur,Baghdasaryan,artur.baghdasaryan@gmail.com,Yerevan,1987-09-27,2019-10-22,2016-12-24,10451.07,,,,,MX Keys,Keyboards,Logitech,89.99,55.00
1106,2024-03-22,19:06:08,in_store,completed,card,1,620.00,0,620.00,,5,Aram,Vardanyan,aram.vardanyan@gmail.com,Yerevan,1997-12-09,2020-07-08,2024-01-30,13544.72,Vahe,Sahakyan,Store Manager,Yerevan Center,Aspire 5,Laptops,Acer,620.00,500.00
1458,2024-11-07,15:55:48,online,completed,card,3,119.00,0,357.00,2024-11-13,4,Artur,Baghdasaryan,artur.baghdasaryan@gmail.com,Yerevan,1987-09-27,2019-10-22,2016-12-24,10451.07,,,,,Huntsman Mini,Keyboards,Razer,119.00,75.00
1296,2024-08-05,18:40:16,in_store,completed,card,1,14.99,5,14.24,,5,Ruben,Asatryan,ruben.asatryan@gmail.com,Yerevan,1975-03-03,2021-09-04,2005-08-20,5885.18,Gor,Mkrtchyan,Senior Sales,Yerevan Center,M185,Accessories,Logitech,14.99,7.00
1394,2024-09-28,18:54:12,in_store,completed,cash,2,25.50,5,48.45,,,Ruben,Asatryan,ruben.asatryan@gmail.com,Yerevan,1975-03-03,2021-09-04,2005-08-20,5885.18,Vahe,Sahakyan,Store Manager,Yerevan Center,Laptop Sleeve 14,Accessories,Generic,25.50,10.00
1466,2024-11-12,06:34:35,online,completed,card,1,25.50,0,25.50,2024-11-13,,Davit,Petrosyan,davit.petrosyan@mail.ru,Gyumri,1988-11-23,2020-11-27,2021-09-14,8230.04,,,,,Laptop Sleeve 14,Accessories,Generic,25.50,10.00
1562,2024-12-18,17:05:56,in_store,cancelled,cash,1,89.99,0,89.99,,,Lilit,Hovhannisyan,lilit.hovhannisyan@mail.ru,Abovyan,1990-06-14,2023-02-11,2019-05-05,8978.29,Marine,Avagyan,Senior Sales,Gyumri,MX Keys,Keyboards,Logitech,89.99,55.00
1065,2024-02-23,10:10:38,in_store,completed,cash,1,79.00,0,79.00,,5,Nane,Galstyan,nane.galstyan@gmail.com,Yerevan,1998-11-11,2022-04-27,,2997.50,Vahe,Sahakyan,Store Manager,Yerevan Center,Soundcore Q30,Audio,Anker,79.00,48.00
1342,2024-09-02,12:44:34,in_store,completed,card,2,14.50,0,29.00,,5,Karen,Khachatryan,karen.khachatryan@gmail.com,Gyumri,1982-01-15,2020-12-15,2012-06-30,7462.79,Gor,Mkrtchyan,Senior Sales,Yerevan Center,USB Flash 128GB,Storage,SanDisk,14.50,8.00
1308,2024-08-10,12:30:26,in_store,completed,transfer,1,12.90,0,12.90,,5,Gevorg,Kocharyan,gevorg.kocharyan@gmail.com,Vanadzor,1986-03-17,2022-12-26,2017-05-27,6999.68,Nare,Ghazaryan,Sales Associate,Yerevan Mall,HDMI 2.1 Cable 2m,Cables,Generic,12.90,4.00
1190,2024-05-20,17:40:04,online,completed,transfer,1,12.90,5,12.26,2024-05-26,4,Aram,Vardanyan,aram.vardanyan@gmail.com,Yerevan,1997-12-09,2020-07-08,2024-01-30,13544.72,,,,,HDMI 2.1 Cable 2m,Cables,Generic,12.90,4.00
1331,2024-08-23,17:15:08,in_store,completed,transfer,2,129.00,0,258.00,,5,Davit,Petrosyan,davit.petrosyan@mail.ru,Gyumri,1988-11-23,2020-11-27,2021-09-14,8230.04,Lilit,Hovhannisyan,Sales Associate,Yerevan Mall,Flip 6,Audio,JBL,129.00,85.00
1116,2024-03-29,11:38:31,in_store,completed,cash,1,89.99,0,89.99,,,Karen,Khachatryan,karen.khachatryan@gmail.com,Gyumri,1982-01-15,2020-12-15,2012-06-30,7462.79,Hayk,Melikyan,Senior Sales,Yerevan Mall,MX Keys,Keyboards,Logitech,89.99,55.00
1042,2024-02-02,12:08:11,online,completed,card,1,12.90,0,12.90,2024-02-09,5,Armen,Gevorgyan,armen.gevorgyan@gmail.com,Gyumri,1985-12-01,2020-05-13,2015-09-09,9172.79,,,,,HDMI 2.1 Cable 2m,Cables,Generic,12.90,4.00
1359,2024-09-12,11:22:38,in_store,completed,cash,3,14.99,0,44.97,,5,Hayk,Melikyan,hayk.melikyan@mail.ru,Vanadzor,1993-03-30,2021-09-11,,1815.59,Nare,Ghazaryan,Sales Associate,Yerevan Mall,M185,Accessories,Logitech,14.99,7.00
1256,2024-07-06,17:05:31,in_store,completed,cash,1,129.00,5,122.55,,,Anna,Sargsyan,anna.sargsyan@gmail.com,Yerevan,1991-04-12,2021-04-24,2022-06-01,5988.47,Gor,Mkrtchyan,Senior Sales,Yerevan Center,Flip 6,Audio,JBL,129.00,85.00
1570,2024-12-20,11:52:28,in_store,completed,card,1,9.90,15,8.42,,3,Ruben,Asatryan,ruben.asatryan@gmail.com,Yerevan,1975-03-03,2021-09-04,2005-08-20,5885.18,Ani,Harutyunyan,Sales Associate,Yerevan Center,USB-C Cable 1m,Cables,Anker,9.90,3.00
1312,2024-08-13,16:15:10,in_store,cancelled,cash,2,45.00,0,90.00,,,Gevorg,Kocharyan,gevorg.kocharyan@gmail.com,Vanadzor,1986-03-17,2022-12-26,2017-05-27,6999.68,Ani,Harutyunyan,Sales Associate,Yerevan Center,USB-C Hub 7-in-1,Accessories,Anker,45.00,25.00
1543,2024-12-12,10:38:06,in_store,completed,card,2,12.90,5,24.51,,,Mariam,Hakobyan,mariam.hakobyan@gmail.com,Yerevan,1995-02-07,2023-04-10,2023-03-20,3685.98,Nare,Ghazaryan,Sales Associate,Yerevan Mall,HDMI 2.1 Cable 2m,Cables,Generic,12.90,4.00
1420,2024-10-18,10:20:48,in_store,completed,cash,1,79.00,0,79.00,,2,Sona,Karapetyan,sona.karapetyan@gmail.com,Yerevan,1986-05-25,2021-06-26,2021-04-17,5530.54,Ani,Harutyunyan,Sales Associate,Yerevan Center,Soundcore Q30,Audio,Anker,79.00,48.00
1353,2024-09-09,15:24:33,in_store,completed,cash,2,12.90,0,25.80,,4,Tatev,Martirosyan,tatev.martirosyan@yahoo.com,Yerevan,1994-07-19,2020-09-28,2020-02-14,4005.10,Gor,Mkrtchyan,Senior Sales,Yerevan Center,HDMI 2.1 Cable 2m,Cables,Generic,12.90,4.00
1540,2024-12-11,13:29:42,in_store,completed,cash,1,480.00,0,480.00,,5,Vahan,Torosyan,vahan.torosyan@yahoo.com,Yerevan,1989-08-08,2023-11-03,2018-10-10,8575.72,Nare,Ghazaryan,Sales Associate,Yerevan Mall,Galaxy Tab S9,Tablets,Samsung,480.00,380.00
1508,2024-11-28,10:53:28,in_store,completed,transfer,2,64.00,0,128.00,,5,Artur,Baghdasaryan,artur.baghdasaryan@gmail.com,Yerevan,1987-09-27,2019-10-22,2016-12-24,10451.07,Gor,Mkrtchyan,Senior Sales,Yerevan Center,Expansion HDD 2TB,Storage,Seagate,64.00,45.00
1492,2024-11-19,12:15:37,online,completed,transfer,2,99.00,0,198.00,2024-11-20,4,Gevorg,Kocharyan,gevorg.kocharyan@gmail.com,Vanadzor,1986-03-17,2022-12-26,2017-05-27,6999.68,,,,,MX Master 3S,Accessories,Logitech,99.00,60.00
1319,2024-08-16,14:04:07,online,completed,transfer,1,119.00,0,119.00,2024-08-18,,Narek,Manukyan,narek.manukyan@outlook.com,Gyumri,1992-09-03,2022-08-04,2022-02-28,6146.85,,,,,Huntsman Mini,Keyboards,Razer,119.00,75.00
1398,2024-09-30,17:14:44,online,completed,card,1,64.00,5,60.80,2024-10-02,,Armen,Gevorgyan,armen.gevorgyan@gmail.com,Gyumri,1985-12-01,2020-05-13,2015-09-09,9172.79,,,,,Expansion HDD 2TB,Storage,Seagate,64.00,45.00
1206,2024-05-28,14:42:02,in_store,completed,card,3,99.00,0,297.00,,3,Narek,Manukyan,narek.manukyan@outlook.com,Gyumri,1992-09-03,2022-08-04,2022-02-28,6146.85,Lilit,Hovhannisyan,Sales Associate,Yerevan Mall,MX Master 3S,Accessories,Logitech,99.00,60.00
1600,2024-12-31,17:51:58,in_store,completed,card,1,59.00,10,53.10,,,Hayk,Melikyan,hayk.melikyan@mail.ru,Vanadzor,1993-03-30,2021-09-11,,1815.59,Arman,Grigoryan,Sales Associate,Gyumri,C920,Webcams,Logitech,59.00,38.00
1164,2024-05-03,16:08:56,online,completed,card,1,14.99,0,14.99,2024-05-07,,Aram,Vardanyan,aram.vardanyan@gmail.com,Yerevan,1997-12-09,2020-07-08,2024-01-30,13544.72,,,,,M185,Accessories,Logitech,14.99,7.00
1470,2024-11-12,16:51:29,in_store,completed,card,1,249.00,0,249.00,,5,Lilit,Hovhannisyan,lilit.hovhannisyan@mail.ru,Abovyan,1990-06-14,2023-02-11,2019-05-05,8978.29,Gor,Mkrtchyan,Senior Sales,Yerevan Center,Redmi Note 13,Phones,Xiaomi,249.00,190.00
1245,2024-06-29,17:54:18,in_store,completed,card,1,64.00,0,64.00,,5,Gayane,Mnatsakanyan,gayane.mnatsakanyan@gmail.com,Gyumri,1996-04-22,2022-03-22,,3728.49,Gor,Mkrtchyan,Senior Sales,Yerevan Center,Expansion HDD 2TB,Storage,Seagate,64.00,45.00
1179,2024-05-10,20:06:12,online,completed,transfer,2,620.00,0,1240.00,2024-05-17,4,Vahan,Torosyan,vahan.torosyan@yahoo.com,Yerevan,1989-08-08,2023-11-03,2018-10-10,8575.72,,,,,Aspire 5,Laptops,Acer,620.00,500.00
1201,2024-05-25,15:23:10,in_store,returned,card,1,45.00,0,45.00,,,Hasmik,Zakaryan,hasmik.zakaryan@mail.ru,Yerevan,1991-02-14,2021-01-04,2021-06-19,5710.74,Hayk,Melikyan,Senior Sales,Yerevan Mall,USB-C Hub 7-in-1,Accessories,Anker,45.00,25.00
1303,2024-08-08,20:07:33,online,completed,card,1,12.90,0,12.90,2024-08-12,5,Hasmik,Zakaryan,hasmik.zakaryan@mail.ru,Yerevan,1991-02-14,2021-01-04,2021-06-19,5710.74,,,,,HDMI 2.1 Cable 2m,Cables,Generic,12.90,4.00
1589,2024-12-27,15:23:56,in_store,cancelled,cash,1,89.99,15,76.49,,,Anna,Sargsyan,anna.sargsyan@gmail.com,Yerevan,1991-04-12,2021-04-24,2022-06-01,5988.47,Ani,Harutyunyan,Sales Associate,Yerevan Center,MX Keys,Keyboards,Logitech,89.99,55.00
1314,2024-08-13,20:57:28,online,completed,transfer,2,1250.00,5,2375.00,2024-08-14,,Hasmik,Zakaryan,hasmik.zakaryan@mail.ru,Yerevan,1991-02-14,2021-01-04,2021-06-19,5710.74,,,,,ThinkPad X1 Carbon,Laptops,Lenovo,1250.00,980.00
1006,2024-01-06,14:38:48,online,completed,card,2,64.00,0,128.00,2024-01-13,4,Ruben,Asatryan,ruben.asatryan@gmail.com,Yerevan,1975-03-03,2021-09-04,2005-08-20,5885.18,,,,,Expansion HDD 2TB,Storage,Seagate,64.00,45.00
1363,2024-09-13,20:35:41,online,completed,card,2,1250.00,0,2500.00,2024-09-18,,Gayane,Mnatsakanyan,gayane.mnatsakanyan@gmail.com,Gyumri,1996-04-22,2022-03-22,,3728.49,,,,,ThinkPad X1 Carbon,Laptops,Lenovo,1250.00,980.00
1499,2024-11-20,18:02:14,online,completed,transfer,1,699.00,0,699.00,2024-11-26,,Suren,Hayrapetyan,suren.hayrapetyan@gmail.com,Yerevan,1980-10-30,2023-02-17,2010-04-01,3526.16,,,,,Galaxy S24,Phones,Samsung,699.00,540.00
1063,2024-02-20,13:41:20,in_store,completed,card,1,19.00,20,15.20,,5,Artur,Baghdasaryan,artur.baghdasaryan@gmail.com,Yerevan,1987-09-27,2019-10-22,2016-12-24,10451.07,Vahe,Sahakyan,Store Manager,Yerevan Center,Lightning Cable,Cables,Apple,19.00,8.00
1520,2024-12-05,14:00:42,in_store,completed,transfer,1,449.00,0,449.00,,,Ruben,Asatryan,ruben.asatryan@gmail.com,Yerevan,1975-03-03,2021-09-04,2005-08-20,5885.18,Hayk,Melikyan,Senior Sales,Yerevan Mall,iPad 10th gen,Tablets,Apple,449.00,360.00
1323,2024-08-17,18:40:19,online,cancelled,card,2,99.00,0,198.00,,,Davit,Petrosyan,davit.petrosyan@mail.ru,Gyumri,1988-11-23,2020-11-27,2021-09-14,8230.04,,,,,MX Master 3S,Accessories,Logitech,99.00,60.00
1187,2024-05-18,12:54:36,in_store,completed,card,2,25.50,0,51.00,,4,Arpine,Simonyan,arpine.simonyan@yahoo.com,Yerevan,2000-02-29,2022-12-08,,2478.95,Ani,Harutyunyan,Sales Associate,Yerevan Center,Laptop Sleeve 14,Accessories,Generic,25.50,10.00
1408,2024-10-07,21:03:41,online,completed,card,1,1100.00,0,1100.00,2024-10-13,,Artur,Baghdasaryan,artur.baghdasaryan@gmail.com,Yerevan,1987-09-27,2019-10-22,2016-12-24,10451.07,,,,,MacBook Air 13,Laptops,Apple,1100.00,900.00
1309,2024-08-12,18:45:49,in_store,completed,cash,2,89.00,0,178.00,,3,Anna,Sargsyan,anna.sargsyan@gmail.com,Yerevan,1991-04-12,2021-04-24,2022-06-01,5988.47,Lilit,Hovhannisyan,Sales Associate,Yerevan Mall,Archer AX55 Router,Networking,TP-Link,89.00,60.00
1348,2024-09-04,16:50:10,online,completed,card,1,19.00,20,15.20,2024-09-07,4,Nane,Galstyan,nane.galstyan@gmail.com,Yerevan,1998-11-11,2022-04-27,,2997.50,,,,,Lightning Cable,Cables,Apple,19.00,8.00
1373,2024-09-20,11:40:36,in_store,completed,card,1,14.50,0,14.50,,,Lusine,Avetisyan,lusine.avetisyan@outlook.com,Abovyan,1999-01-18,2020-09-07,2023-08-11,2588.50,Hayk,Melikyan,Senior Sales,Yerevan Mall,USB Flash 128GB,Storage,SanDisk,14.50,8.00
1281,2024-07-27,11:34:47,in_store,completed,cash,1,14.99,0,14.99,,4,Mariam,Hakobyan,mariam.hakobyan@gmail.com,Yerevan,1995-02-07,2023-04-10,2023-03-20,3685.98,Vahe,Sahakyan,Store Manager,Yerevan Center,M185,Accessories,Logitech,14.99,7.00
1345,2024-09-03,21:02:15,online,completed,card,1,129.00,0,129.00,2024-09-05,4,Ruben,Asatryan,ruben.asatryan@gmail.com,Yerevan,1975-03-03,2021-09-04,2005-08-20,5885.18,,,,,Flip 6,Audio,JBL,129.00,85.00
1276,2024-07-24,19:24:49,in_store,completed,cash,2,799.00,0,1598.00,,4,Lusine,Avetisyan,lusine.avetisyan@outlook.com,Abovyan,1999-01-18,2020-09-07,2023-08-11,2588.50,Gor,Mkrtchyan,Senior Sales,Yerevan Center,iPhone 15,Phones,Apple,799.00,650.00
1100,2024-03-19,13:40:55,in_store,completed,transfer,2,320.00,0,640.00,,5,Davit,Petrosyan,davit.petrosyan@mail.ru,Gyumri,1988-11-23,2020-11-27,2021-09-14,8230.04,Marine,Avagyan,Senior Sales,Gyumri,UltraSharp 27,Monitors,Dell,320.00,240.00
1247,2024-07-01,10:17:06,in_store,completed,cash,1,12.90,0,12.90,,3,Tatev,Martirosyan,tatev.martirosyan@yahoo.com,Yerevan,1994-07-19,2020-09-28,2020-02-14,4005.10,Gor,Mkrtchyan,Senior Sales,Yerevan Center,HDMI 2.1 Cable 2m,Cables,Generic,12.90,4.00
1134,2024-04-08,18:26:34,in_store,completed,cash,1,620.00,0,620.00,,,Lilit,Hovhannisyan,lilit.hovhannisyan@mail.ru,Abovyan,1990-06-14,2023-02-11,2019-05-05,8978.29,Gor,Mkrtchyan,Senior Sales,Yerevan Center,Aspire 5,Laptops,Acer,620.00,500.00
1442,2024-11-01,15:06:12,in_store,completed,cash,1,9.90,10,8.91,,,Narek,Manukyan,narek.manukyan@outlook.com,Gyumri,1992-09-03,2022-08-04,2022-02-28,6146.85,Ani,Harutyunyan,Sales Associate,Yerevan Center,USB-C Cable 1m,Cables,Anker,9.90,3.00
1053,2024-02-14,11:39:38,in_store,completed,cash,3,14.50,0,43.50,,,Armen,Gevorgyan,armen.gevorgyan@gmail.com,Gyumri,1985-12-01,2020-05-13,2015-09-09,9172.79,Vahe,Sahakyan,Store Manager,Yerevan Center,USB Flash 128GB,Storage,SanDisk,14.50,8.00
1358,2024-09-11,17:04:18,in_store,completed,cash,1,699.00,15,594.15,,,Sona,Karapetyan,sona.karapetyan@gmail.com,Yerevan,1986-05-25,2021-06-26,2021-04-17,5530.54,Gor,Mkrtchyan,Senior Sales,Yerevan Center,Galaxy S24,Phones,Samsung,699.00,540.00
1454,2024-11-07,05:29:26,online,completed,card,1,249.00,0,249.00,2024-11-08,4,Gevorg,Kocharyan,gevorg.kocharyan@gmail.com,Vanadzor,1986-03-17,2022-12-26,2017-05-27,6999.68,,,,,Redmi Note 13,Phones,Xiaomi,249.00,190.00
1221,2024-06-03,20:16:02,online,completed,card,2,99.00,0,198.00,2024-06-04,4,Hasmik,Zakaryan,hasmik.zakaryan@mail.ru,Yerevan,1991-02-14,2021-01-04,2021-06-19,5710.74,,,,,MX Master 3S,Accessories,Logitech,99.00,60.00
1376,2024-09-21,17:14:41,in_store,completed,cash,2,55.00,15,93.50,,5,Sona,Karapetyan,sona.karapetyan@gmail.com,Yerevan,1986-05-25,2021-06-26,2021-04-17,5530.54,Vahe,Sahakyan,Store Manager,Yerevan Center,Powerline Kit,Networking,TP-Link,55.00,35.00
1142,2024-04-16,18:10:48,in_store,returned,card,1,79.00,10,71.10,,,Hayk,Melikyan,hayk.melikyan@mail.ru,Vanadzor,1993-03-30,2021-09-11,,1815.59,Arman,Grigoryan,Sales Associate,Gyumri,Soundcore Q30,Audio,Anker,79.00,48.00
1074,2024-03-01,09:53:53,online,returned,card,1,210.00,0,210.00,2024-03-02,,Narek,Manukyan,narek.manukyan@outlook.com,Gyumri,1992-09-03,2022-08-04,2022-02-28,6146.85,,,,,PIXMA TS3450,Printers,Canon,210.00,150.00
1381,2024-09-23,17:40:20,online,completed,transfer,1,9.90,0,9.90,2024-09-29,5,Ruben,Asatryan,ruben.asatryan@gmail.com,Yerevan,1975-03-03,2021-09-04,2005-08-20,5885.18,,,,,USB-C Cable 1m,Cables,Anker,9.90,3.00
1355,2024-09-10,18:56:27,in_store,completed,transfer,1,45.00,0,45.00,,,Anna,Sargsyan,anna.sargsyan@gmail.com,Yerevan,1991-04-12,2021-04-24,2022-06-01,5988.47,Lilit,Hovhannisyan,Sales Associate,Yerevan Mall,USB-C Hub 7-in-1,Accessories,Anker,45.00,25.00
1285,2024-07-30,13:50:24,in_store,completed,transfer,1,89.99,0,89.99,,2,Hasmik,Zakaryan,hasmik.zakaryan@mail.ru,Yerevan,1991-02-14,2021-01-04,2021-06-19,5710.74,Lilit,Hovhannisyan,Sales Associate,Yerevan Mall,MX Keys,Keyboards,Logitech,89.99,55.00
1356,2024-09-11,10:27:20,in_store,completed,cash,1,19.00,5,18.05,,5,Meline,Poghosyan,meline.poghosyan@outlook.com,Yerevan,1992-05-05,2019-02-08,,1145.20,Arman,Grigoryan,Sales Associate,Gyumri,Lightning Cable,Cables,Apple,19.00,8.00
1037,2024-01-30,19:46:39,in_store,completed,cash,3,14.99,0,44.97,,5,Meline,Poghosyan,meline.poghosyan@outlook.com,Yerevan,1992-05-05,2019-02-08,,1145.20,Marine,Avagyan,Senior Sales,Gyumri,M185,Accessories,Logitech,14.99,7.00
1307,2024-08-10,12:10:30,in_store,completed,cash,1,799.00,0,799.00,,3,Lusine,Avetisyan,lusine.avetisyan@outlook.com,Abovyan,1999-01-18,2020-09-07,2023-08-11,2588.50,Gor,Mkrtchyan,Senior Sales,Yerevan Center,iPhone 15,Phones,Apple,799.00,650.00
1556,2024-12-16,18:24:03,in_store,completed,cash,1,299.00,0,299.00,,4,Armen,Gevorgyan,armen.gevorgyan@gmail.com,Gyumri,1985-12-01,2020-05-13,2015-09-09,9172.79,Nare,Ghazaryan,Sales Associate,Yerevan Mall,WH-1000XM5,Audio,Sony,299.00,220.00
1456,2024-11-07,13:13:59,in_store,completed,card,3,9.90,0,29.70,,5,Narek,Manukyan,narek.manukyan@outlook.com,Gyumri,1992-09-03,2022-08-04,2022-02-28,6146.85,Hayk,Melikyan,Senior Sales,Yerevan Mall,USB-C Cable 1m,Cables,Anker,9.90,3.00
1293,2024-08-03,15:10:45,in_store,completed,card,1,89.99,0,89.99,,5,Tatev,Martirosyan,tatev.martirosyan@yahoo.com,Yerevan,1994-07-19,2020-09-28,2020-02-14,4005.10,Lilit,Hovhannisyan,Sales Associate,Yerevan Mall,MX Keys,Keyboards,Logitech,89.99,55.00
1476,2024-11-14,12:29:49,in_store,completed,card,1,149.00,0,149.00,,3,Suren,Hayrapetyan,suren.hayrapetyan@gmail.com,Yerevan,1980-10-30,2023-02-17,2010-04-01,3526.16,Gor,Mkrtchyan,Senior Sales,Yerevan Center,LaserJet M110,Printers,HP,149.00,105.00
1347,2024-09-04,16:36:35,in_store,completed,card,1,25.50,0,25.50,,,Gevorg,Kocharyan,gevorg.kocharyan@gmail.com,Vanadzor,1986-03-17,2022-12-26,2017-05-27,6999.68,Nare,Ghazaryan,Sales Associate,Yerevan Mall,Laptop Sleeve 14,Accessories,Generic,25.50,10.00
1439,2024-10-31,14:23:25,in_store,cancelled,card,3,12.90,0,38.70,,,Aram,Vardanyan,aram.vardanyan@gmail.com,Yerevan,1997-12-09,2020-07-08,2024-01-30,13544.72,Gor,Mkrtchyan,Senior Sales,Yerevan Center,HDMI 2.1 Cable 2m,Cables,Generic,12.90,4.00
1244,2024-06-26,15:16:52,in_store,completed,cash,1,119.00,0,119.00,,,Gevorg,Kocharyan,gevorg.kocharyan@gmail.com,Vanadzor,1986-03-17,2022-12-26,2017-05-27,6999.68,Gor,Mkrtchyan,Senior Sales,Yerevan Center,Huntsman Mini,Keyboards,Razer,119.00,75.00
1482,2024-11-14,20:14:24,online,completed,card,1,1250.00,5,1187.50,2024-11-15,,Mher,Sargsyan,mher.sargsyan@gmail.com,Yerevan,1983-04-04,2020-03-12,2013-10-18,2167.56,,,,,ThinkPad X1 Carbon,Laptops,Lenovo,1250.00,980.00
1583,2024-12-25,18:08:47,in_store,completed,card,1,89.00,0,89.00,,,Anna,Sargsyan,anna.sargsyan78@mail.ru,Yerevan,1978-10-02,2022-06-05,,2100.34,Arman,Grigoryan,Sales Associate,Gyumri,Archer AX55 Router,Networking,TP-Link,89.00,60.00
1168,2024-05-04,18:58:12,online,cancelled,card,1,25.50,0,25.50,,,Armen,Gevorgyan,armen.gevorgyan@gmail.com,Gyumri,1985-12-01,2020-05-13,2015-09-09,9172.79,,,,,Laptop Sleeve 14,Accessories,Generic,25.50,10.00
1072,2024-02-29,03:45:42,online,completed,card,1,14.50,0,14.50,2024-03-02,3,Aram,Vardanyan,aram.vardanyan@gmail.com,Yerevan,1997-12-09,2020-07-08,2024-01-30,13544.72,,,,,USB Flash 128GB,Storage,SanDisk,14.50,8.00
1141,2024-04-16,16:52:39,in_store,completed,cash,3,99.00,0,297.00,,,Davit,Petrosyan,davit.petrosyan@mail.ru,Gyumri,1988-11-23,2020-11-27,2021-09-14,8230.04,Lilit,Hovhannisyan,Sales Associate,Yerevan Mall,MX Master 3S,Accessories,Logitech,99.00,60.00
1426,2024-10-25,14:44:16,in_store,completed,card,1,74.00,0,74.00,,,Artur,Baghdasaryan,artur.baghdasaryan@gmail.com,Yerevan,1987-09-27,2019-10-22,2016-12-24,10451.07,Gor,Mkrtchyan,Senior Sales,Yerevan Center,Portable SSD T7 1TB,Storage,Samsung,74.00,52.00
1031,2024-01-27,12:57:35,in_store,completed,cash,1,1250.00,0,1250.00,,,Vahan,Torosyan,vahan.torosyan@yahoo.com,Yerevan,1989-08-08,2023-11-03,2018-10-10,8575.72,Ani,Harutyunyan,Sales Associate,Yerevan Center,ThinkPad X1 Carbon,Laptops,Lenovo,1250.00,980.00
1550,2024-12-14,10:19:55,in_store,completed,card,2,280.00,0,560.00,,5,Artur,Baghdasaryan,artur.baghdasaryan@gmail.com,Yerevan,1987-09-27,2019-10-22,2016-12-24,10451.07,Hayk,Melikyan,Senior Sales,Yerevan Mall,ProArt 24,Monitors,ASUS,280.00,210.00
1537,2024-12-10,16:19:24,online,completed,card,1,19.00,20,15.20,2024-12-14,,Davit,Petrosyan,davit.petrosyan@mail.ru,Gyumri,1988-11-23,2020-11-27,2021-09-14,8230.04,,,,,Lightning Cable,Cables,Apple,19.00,8.00
1120,2024-03-29,19:31:25,in_store,completed,transfer,1,74.00,0,74.00,,,Hayk,Melikyan,hayk.melikyan@mail.ru,Vanadzor,1993-03-30,2021-09-11,,1815.59,Nare,Ghazaryan,Sales Associate,Yerevan Mall,Portable SSD T7 1TB,Storage,Samsung,74.00,52.00
1112,2024-03-26,13:34:47,in_store,completed,cash,1,449.00,0,449.00,,,Suren,Hayrapetyan,suren.hayrapetyan@gmail.com,Yerevan,1980-10-30,2023-02-17,2010-04-01,3526.16,Hayk,Melikyan,Senior Sales,Yerevan Mall,iPad 10th gen,Tablets,Apple,449.00,360.00
1186,2024-05-18,10:27:48,in_store,completed,cash,2,25.50,0,51.00,,3,Ruben,Asatryan,ruben.asatryan@gmail.com,Yerevan,1975-03-03,2021-09-04,2005-08-20,5885.18,Gor,Mkrtchyan,Senior Sales,Yerevan Center,Laptop Sleeve 14,Accessories,Generic,25.50,10.00
1302,2024-08-07,12:24:38,online,completed,card,3,45.00,0,135.00,2024-08-14,4,Armen,Gevorgyan,armen.gevorgyan@gmail.com,Gyumri,1985-12-01,2020-05-13,2015-09-09,9172.79,,,,,USB-C Hub 7-in-1,Accessories,Anker,45.00,25.00
1227,2024-06-10,00:52:23,online,completed,card,1,74.00,10,66.60,2024-06-13,3,Anna,Sargsyan,anna.sargsyan@gmail.com,Yerevan,1991-04-12,2021-04-24,2022-06-01,5988.47,,,,,Portable SSD T7 1TB,Storage,Samsung,74.00,52.00
1026,2024-01-22,08:12:41,online,completed,card,1,55.00,0,55.00,2024-01-26,,Karen,Khachatryan,karen.khachatryan@gmail.com,Gyumri,1982-01-15,2020-12-15,2012-06-30,7462.79,,,,,Powerline Kit,Networking,TP-Link,55.00,35.00
1552,2024-12-16,11:44:58,in_store,completed,cash,3,14.99,0,44.97,,2,Hasmik,Zakaryan,hasmik.zakaryan@mail.ru,Yerevan,1991-02-14,2021-01-04,2021-06-19,5710.74,Ani,Harutyunyan,Sales Associate,Yerevan Center,M185,Accessories,Logitech,14.99,7.00
1404,2024-10-04,17:33:27,in_store,returned,cash,1,249.00,0,249.00,,,Davit,Petrosyan,davit.petrosyan@mail.ru,Gyumri,1988-11-23,2020-11-27,2021-09-14,8230.04,Gor,Mkrtchyan,Senior Sales,Yerevan Center,Redmi Note 13,Phones,Xiaomi,249.00,190.00
1522,2024-12-05,15:28:58,in_store,completed,cash,1,299.00,0,299.00,,,Suren,Hayrapetyan,suren.hayrapetyan@gmail.com,Yerevan,1980-10-30,2023-02-17,2010-04-01,3526.16,Ani,Harutyunyan,Sales Associate,Yerevan Center,WH-1000XM5,Audio,Sony,299.00,220.00
1049,2024-02-10,13:37:02,in_store,completed,cash,1,280.00,0,280.00,,5,Gevorg,Kocharyan,gevorg.kocharyan@gmail.com,Vanadzor,1986-03-17,2022-12-26,2017-05-27,6999.68,Lilit,Hovhannisyan,Sales Associate,Yerevan Mall,ProArt 24,Monitors,ASUS,280.00,210.00
1487,2024-11-16,11:47:29,in_store,completed,card,1,14.50,0,14.50,,4,Vahan,Torosyan,vahan.torosyan@yahoo.com,Yerevan,1989-08-08,2023-11-03,2018-10-10,8575.72,Ani,Harutyunyan,Sales Associate,Yerevan Center,USB Flash 128GB,Storage,SanDisk,14.50,8.00
1051,2024-02-10,17:01:03,online,completed,card,2,12.90,0,25.80,2024-02-12,,Armen,Gevorgyan,armen.gevorgyan@gmail.com,Gyumri,1985-12-01,2020-05-13,2015-09-09,9172.79,,,,,HDMI 2.1 Cable 2m,Cables,Generic,12.90,4.00
1484,2024-11-15,12:09:51,in_store,completed,card,1,129.00,0,129.00,,5,Narek,Manukyan,narek.manukyan@outlook.com,Gyumri,1992-09-03,2022-08-04,2022-02-28,6146.85,Ani,Harutyunyan,Sales Associate,Yerevan Center,Flip 6,Audio,JBL,129.00,85.00
1130,2024-04-04,16:53:44,in_store,returned,cash,1,45.00,0,45.00,,,Suren,Hayrapetyan,suren.hayrapetyan@gmail.com,Yerevan,1980-10-30,2023-02-17,2010-04-01,3526.16,Hayk,Melikyan,Senior Sales,Yerevan Mall,USB-C Hub 7-in-1,Accessories,Anker,45.00,25.00
1367,2024-09-16,17:30:55,in_store,completed,card,1,12.90,0,12.90,,,Vahan,Torosyan,vahan.torosyan@yahoo.com,Yerevan,1989-08-08,2023-11-03,2018-10-10,8575.72,Ani,Harutyunyan,Sales Associate,Yerevan Center,HDMI 2.1 Cable 2m,Cables,Generic,12.90,4.00
1212,2024-05-30,12:40:43,in_store,completed,card,2,9.90,0,19.80,,4,Armen,Gevorgyan,armen.gevorgyan@gmail.com,Gyumri,1985-12-01,2020-05-13,2015-09-09,9172.79,Nare,Ghazaryan,Sales Associate,Yerevan Mall,USB-C Cable 1m,Cables,Anker,9.90,3.00
1127,2024-04-03,16:38:54,in_store,returned,cash,3,14.50,0,43.50,,,Tigran,Grigoryan,tigran.grigoryan@gmail.com,Gyumri,1983-07-30,2020-12-25,2020-11-05,5291.36,Gor,Mkrtchyan,Senior Sales,Yerevan Center,USB Flash 128GB,Storage,SanDisk,14.50,8.00
1405,2024-10-04,18:19:43,online,completed,card,1,149.00,0,149.00,2024-10-07,4,Vahan,Torosyan,vahan.torosyan@yahoo.com,Yerevan,1989-08-08,2023-11-03,2018-10-10,8575.72,,,,,Brio 4K,Webcams,Logitech,149.00,100.00
1371,2024-09-19,13:23:55,in_store,completed,cash,1,249.00,0,249.00,,4,Ani,Stepanyan,ani.stepanyan@gmail.com,Yerevan,1997-01-09,2020-03-03,2023-11-11,1937.31,Nare,Ghazaryan,Sales Associate,Yerevan Mall,Redmi Note 13,Phones,Xiaomi,249.00,190.00
1399,2024-10-02,16:47:36,in_store,completed,cash,2,699.00,0,1398.00,,5,Armen,Gevorgyan,armen.gevorgyan@gmail.com,Gyumri,1985-12-01,2020-05-13,2015-09-09,9172.79,Arman,Grigoryan,Sales Associate,Gyumri,Galaxy S24,Phones,Samsung,699.00,540.00
1008,2024-01-08,18:11:40,in_store,completed,cash,3,129.00,0,387.00,,4,Anna,Sargsyan,anna.sargsyan78@mail.ru,Yerevan,1978-10-02,2022-06-05,,2100.34,Ani,Harutyunyan,Sales Associate,Yerevan Center,Flip 6,Audio,JBL,129.00,85.00
1200,2024-05-25,11:40:23,in_store,completed,card,1,14.99,10,13.49,,5,Aram,Vardanyan,aram.vardanyan@gmail.com,Yerevan,1997-12-09,2020-07-08,2024-01-30,13544.72,Marine,Avagyan,Senior Sales,Gyumri,M185,Accessories,Logitech,14.99,7.00
1512,2024-11-29,12:42:33,in_store,completed,card,2,45.00,0,90.00,,,Samvel,Nazaryan,samvel.nazaryan@gmail.com,Gyumri,1979-12-12,2023-11-20,2006-03-15,3463.20,Nare,Ghazaryan,Sales Associate,Yerevan Mall,USB-C Hub 7-in-1,Accessories,Anker,45.00,25.00
1599,2024-12-31,13:17:35,in_store,completed,card,2,45.00,0,90.00,,5,Lilit,Hovhannisyan,lilit.hovhannisyan@mail.ru,Abovyan,1990-06-14,2023-02-11,2019-05-05,8978.29,Lilit,Hovhannisyan,Sales Associate,Yerevan Mall,USB-C Hub 7-in-1,Accessories,Anker,45.00,25.00
1465,2024-11-11,12:32:18,in_store,completed,cash,1,9.90,10,8.91,,2,Aram,Vardanyan,aram.vardanyan@gmail.com,Yerevan,1997-12-09,2020-07-08,2024-01-30,13544.72,Nare,Ghazaryan,Sales Associate,Yerevan Mall,USB-C Cable 1m,Cables,Anker,9.90,3.00
1055,2024-02-14,18:37:33,in_store,completed,card,1,620.00,0,620.00,,4,Anna,Sargsyan,anna.sargsyan@gmail.com,Yerevan,1991-04-12,2021-04-24,2022-06-01,5988.47,Hayk,Melikyan,Senior Sales,Yerevan Mall,Aspire 5,Laptops,Acer,620.00,500.00
1058,2024-02-16,17:55:40,online,completed,card,2,19.00,0,38.00,2024-02-20,5,Artur,Baghdasaryan,artur.baghdasaryan@gmail.com,Yerevan,1987-09-27,2019-10-22,2016-12-24,10451.07,,,,,Lightning Cable,Cables,Apple,19.00,8.00
1350,2024-09-07,13:11:28,online,completed,transfer,3,74.00,0,222.00,2024-09-10,,Narek,Manukyan,narek.manukyan@outlook.com,Gyumri,1992-09-03,2022-08-04,2022-02-28,6146.85,,,,,Portable SSD T7 1TB,Storage,Samsung,74.00,52.00
1409,2024-10-09,12:53:07,in_store,completed,card,1,320.00,5,304.00,,,Suren,Hayrapetyan,suren.hayrapetyan@gmail.com,Yerevan,1980-10-30,2023-02-17,2010-04-01,3526.16,Gor,Mkrtchyan,Senior Sales,Yerevan Center,UltraSharp 27,Monitors,Dell,320.00,240.00
1507,2024-11-27,20:59:30,online,completed,transfer,2,249.00,0,498.00,2024-12-01,4,Tigran,Grigoryan,tigran.grigoryan@gmail.com,Gyumri,1983-07-30,2020-12-25,2020-11-05,5291.36,,,,,AirPods Pro,Audio,Apple,249.00,190.00
1174,2024-05-08,15:21:52,in_store,completed,cash,1,480.00,5,456.00,,,Karen,Khachatryan,karen.khachatryan@gmail.com,Gyumri,1982-01-15,2020-12-15,2012-06-30,7462.79,Ani,Harutyunyan,Sales Associate,Yerevan Center,Galaxy Tab S9,Tablets,Samsung,480.00,380.00
1467,2024-11-12,12:44:14,in_store,completed,transfer,2,19.00,0,38.00,,5,Davit,Petrosyan,davit.petrosyan@mail.ru,Gyumri,1988-11-23,2020-11-27,2021-09-14,8230.04,Gor,Mkrtchyan,Senior Sales,Yerevan Center,Lightning Cable,Cables,Apple,19.00,8.00
1390,2024-09-27,17:19:16,in_store,returned,cash,1,25.50,0,25.50,,,Gayane,Mnatsakanyan,gayane.mnatsakanyan@gmail.com,Gyumri,1996-04-22,2022-03-22,,3728.49,Gor,Mkrtchyan,Senior Sales,Yerevan Center,Laptop Sleeve 14,Accessories,Generic,25.50,10.00
1097,2024-03-15,13:20:28,in_store,completed,card,1,64.00,10,57.60,,,Karen,Khachatryan,karen.khachatryan@gmail.com,Gyumri,1982-01-15,2020-12-15,2012-06-30,7462.79,Ani,Harutyunyan,Sales Associate,Yerevan Center,Expansion HDD 2TB,Storage,Seagate,64.00,45.00
1452,2024-11-06,16:41:58,in_store,completed,cash,3,25.50,5,72.68,,4,Armen,Gevorgyan,armen.gevorgyan@gmail.com,Gyumri,1985-12-01,2020-05-13,2015-09-09,9172.79,Nare,Ghazaryan,Sales Associate,Yerevan Mall,Laptop Sleeve 14,Accessories,Generic,25.50,10.00
1546,2024-12-12,17:07:08,in_store,completed,cash,3,99.00,0,297.00,,5,Davit,Petrosyan,davit.petrosyan@mail.ru,Gyumri,1988-11-23,2020-11-27,2021-09-14,8230.04,Gor,Mkrtchyan,Senior Sales,Yerevan Center,MX Master 3S,Accessories,Logitech,99.00,60.00
1079,2024-03-04,20:19:15,online,completed,card,1,249.00,0,249.00,2024-03-09,,Mariam,Hakobyan,mariam.hakobyan@gmail.com,Yerevan,1995-02-07,2023-04-10,2023-03-20,3685.98,,,,,AirPods Pro,Audio,Apple,249.00,190.00
1110,2024-03-25,17:54:51,in_store,completed,card,1,14.99,0,14.99,,5,Sona,Karapetyan,sona.karapetyan@gmail.com,Yerevan,1986-05-25,2021-06-26,2021-04-17,5530.54,Ani,Harutyunyan,Sales Associate,Yerevan Center,M185,Accessories,Logitech,14.99,7.00
1199,2024-05-24,22:59:55,online,completed,card,2,14.99,5,28.48,2024-05-30,,Tatev,Martirosyan,tatev.martirosyan@yahoo.com,Yerevan,1994-07-19,2020-09-28,2020-02-14,4005.10,,,,,M185,Accessories,Logitech,14.99,7.00
1217,2024-05-31,17:18:44,online,completed,card,3,59.00,0,177.00,2024-06-02,5,Meline,Poghosyan,meline.poghosyan@outlook.com,Yerevan,1992-05-05,2019-02-08,,1145.20,,,,,C920,Webcams,Logitech,59.00,38.00
1417,2024-10-16,15:08:30,in_store,completed,card,1,14.99,10,13.49,,4,Lilit,Hovhannisyan,lilit.hovhannisyan@mail.ru,Abovyan,1990-06-14,2023-02-11,2019-05-05,8978.29,Gor,Mkrtchyan,Senior Sales,Yerevan Center,M185,Accessories,Logitech,14.99,7.00
1533,2024-12-09,10:46:23,in_store,completed,card,3,74.00,0,222.00,,,Narek,Manukyan,narek.manukyan@outlook.com,Gyumri,1992-09-03,2022-08-04,2022-02-28,6146.85,Nare,Ghazaryan,Sales Associate,Yerevan Mall,Portable SSD T7 1TB,Storage,Samsung,74.00,52.00
1360,2024-09-13,07:18:05,online,completed,card,2,14.99,0,29.98,2024-09-14,4,Karen,Khachatryan,karen.khachatryan@gmail.com,Gyumri,1982-01-15,2020-12-15,2012-06-30,7462.79,,,,,M185,Accessories,Logitech,14.99,7.00
1241,2024-06-22,11:26:21,in_store,completed,card,1,9.90,10,8.91,,3,Davit,Petrosyan,davit.petrosyan@mail.ru,Gyumri,1988-11-23,2020-11-27,2021-09-14,8230.04,Ani,Harutyunyan,Sales Associate,Yerevan Center,USB-C Cable 1m,Cables,Anker,9.90,3.00
1155,2024-04-24,16:15:53,in_store,completed,transfer,1,1250.00,0,1250.00,,5,Lilit,Hovhannisyan,lilit.hovhannisyan@mail.ru,Abovyan,1990-06-14,2023-02-11,2019-05-05,8978.29,Gor,Mkrtchyan,Senior Sales,Yerevan Center,ThinkPad X1 Carbon,Laptops,Lenovo,1250.00,980.00
1479,2024-11-14,17:04:43,in_store,completed,cash,1,14.99,10,13.49,,,Mher,Sargsyan,mher.sargsyan@gmail.com,Yerevan,1983-04-04,2020-03-12,2013-10-18,2167.56,Hayk,Melikyan,Senior Sales,Yerevan Mall,M185,Accessories,Logitech,14.99,7.00
1434,2024-10-29,16:09:35,in_store,completed,card,1,699.00,0,699.00,,4,Tigran,Grigoryan,tigran.grigoryan@gmail.com,Gyumri,1983-07-30,2020-12-25,2020-11-05,5291.36,Arman,Grigoryan,Sales Associate,Gyumri,Galaxy S24,Phones,Samsung,699.00,540.00
1070,2024-02-28,17:00:45,in_store,completed,cash,2,12.90,0,25.80,,4,Ruben,Asatryan,ruben.asatryan@gmail.com,Yerevan,1975-03-03,2021-09-04,2005-08-20,5885.18,Arman,Grigoryan,Sales Associate,Gyumri,HDMI 2.1 Cable 2m,Cables,Generic,12.90,4.00
